Sep 19 19:23:28.022897 cachyos-x8664 kernel: amdgpu 0000:c4:00.0: [drm:amdgpu_dm_atomic_commit_tail [amdgpu]] [HDCP_DM] connector->index: 1 connect_status: 1 dpms: 0
Sep 19 19:23:28.037851 cachyos-x8664 kernel: amdgpu 0000:c4:00.0: [drm:amdgpu_dm_atomic_commit_tail [amdgpu]] [HDCP_DM] connector->index: 0 connect_status: 1 dpms: 0
Sep 19 19:23:28.045860 cachyos-x8664 kernel: amdgpu 0000:c4:00.0: [drm:amdgpu_dm_atomic_commit_tail [amdgpu]] [HDCP_DM] connector->index: 1 connect_status: 1 dpms: 0
Sep 19 19:23:28.046248 cachyos-x8664 kernel: amdgpu 0000:c4:00.0: [drm:dcn35_root_clock_control [amdgpu]] dccg35_set_hdmistreamclk_root_clock_gating: HDMISTREAMCLK0_ROOT_GATE_DISABLE = 1
Sep 19 19:23:28.052891 cachyos-x8664 kernel: amdgpu 0000:c4:00.0: [drm:amdgpu_dm_atomic_commit_tail [amdgpu]] [HDCP_DM] connector->index: 1 connect_status: 1 dpms: 0
Sep 19 19:23:28.061755 cachyos-x8664 kernel: amdgpu 0000:c4:00.0: [drm:amdgpu_dm_atomic_commit_tail [amdgpu]] [HDCP_DM] connector->index: 1 connect_status: 1 dpms: 0
Sep 19 19:23:28.069800 cachyos-x8664 kernel: amdgpu 0000:c4:00.0: [drm:amdgpu_dm_atomic_commit_tail [amdgpu]] [HDCP_DM] connector->index: 1 connect_status: 1 dpms: 0
Sep 19 19:23:28.078806 cachyos-x8664 kernel: amdgpu 0000:c4:00.0: [drm:amdgpu_dm_atomic_commit_tail [amdgpu]] [HDCP_DM] connector->index: 1 connect_status: 1 dpms: 0
Sep 19 19:23:28.086960 cachyos-x8664 kernel: amdgpu 0000:c4:00.0: [drm:amdgpu_dm_atomic_commit_tail [amdgpu]] [HDCP_DM] connector->index: 1 connect_status: 1 dpms: 0
Sep 19 19:23:28.095864 cachyos-x8664 kernel: amdgpu 0000:c4:00.0: [drm:amdgpu_dm_atomic_commit_tail [amdgpu]] [HDCP_DM] connector->index: 1 connect_status: 1 dpms: 0
Sep 19 19:23:28.103936 cachyos-x8664 kernel: amdgpu 0000:c4:00.0: [drm:amdgpu_dm_atomic_commit_tail [amdgpu]] [HDCP_DM] connector->index: 1 connect_status: 1 dpms: 0
Sep 19 19:23:28.112795 cachyos-x8664 kernel: amdgpu 0000:c4:00.0: [drm:amdgpu_dm_atomic_commit_tail [amdgpu]] [HDCP_DM] connector->index: 1 connect_status: 1 dpms: 0
Sep 19 19:23:28.120817 cachyos-x8664 kernel: amdgpu 0000:c4:00.0: [drm:amdgpu_dm_atomic_commit_tail [amdgpu]] [HDCP_DM] connector->index: 1 connect_status: 1 dpms: 0
Sep 19 19:23:28.129740 cachyos-x8664 kernel: amdgpu 0000:c4:00.0: [drm:amdgpu_dm_atomic_commit_tail [amdgpu]] [HDCP_DM] connector->index: 1 connect_status: 1 dpms: 0
Sep 19 19:23:28.138889 cachyos-x8664 kernel: amdgpu 0000:c4:00.0: [drm:amdgpu_dm_atomic_commit_tail [amdgpu]] [HDCP_DM] connector->index: 1 connect_status: 1 dpms: 0
Sep 19 19:23:28.155067 cachyos-x8664 kernel: amdgpu 0000:c4:00.0: [drm:amdgpu_dm_atomic_commit_tail [amdgpu]] [HDCP_DM] connector->index: 1 connect_status: 1 dpms: 0
Sep 19 19:23:28.163848 cachyos-x8664 kernel: amdgpu 0000:c4:00.0: [drm:amdgpu_dm_atomic_commit_tail [amdgpu]] [HDCP_DM] connector->index: 1 connect_status: 1 dpms: 0
Sep 19 19:23:28.171970 cachyos-x8664 kernel: amdgpu 0000:c4:00.0: [drm:amdgpu_dm_atomic_commit_tail [amdgpu]] [HDCP_DM] connector->index: 1 connect_status: 1 dpms: 0
Sep 19 19:23:28.179992 cachyos-x8664 kernel: amdgpu 0000:c4:00.0: [drm:amdgpu_dm_atomic_commit_tail [amdgpu]] [HDCP_DM] connector->index: 1 connect_status: 1 dpms: 0
Sep 19 19:23:28.188151 cachyos-x8664 kernel: amdgpu 0000:c4:00.0: [drm:amdgpu_dm_atomic_commit_tail [amdgpu]] [HDCP_DM] connector->index: 1 connect_status: 1 dpms: 0
Sep 19 19:23:28.196973 cachyos-x8664 kernel: amdgpu 0000:c4:00.0: [drm:amdgpu_dm_atomic_commit_tail [amdgpu]] [HDCP_DM] connector->index: 1 connect_status: 1 dpms: 0
Sep 19 19:23:28.205127 cachyos-x8664 kernel: amdgpu 0000:c4:00.0: [drm:amdgpu_dm_atomic_commit_tail [amdgpu]] [HDCP_DM] connector->index: 1 connect_status: 1 dpms: 0
Sep 19 19:23:28.213852 cachyos-x8664 kernel: amdgpu 0000:c4:00.0: [drm:amdgpu_dm_atomic_commit_tail [amdgpu]] [HDCP_DM] connector->index: 1 connect_status: 1 dpms: 0
Sep 19 19:23:28.221945 cachyos-x8664 kernel: amdgpu 0000:c4:00.0: [drm:amdgpu_dm_atomic_commit_tail [amdgpu]] [HDCP_DM] connector->index: 1 connect_status: 1 dpms: 0
Sep 19 19:23:28.231110 cachyos-x8664 kernel: amdgpu 0000:c4:00.0: [drm:amdgpu_dm_atomic_commit_tail [amdgpu]] [HDCP_DM] connector->index: 1 connect_status: 1 dpms: 0
Sep 19 19:23:28.246968 cachyos-x8664 kernel: amdgpu 0000:c4:00.0: [drm:amdgpu_dm_atomic_commit_tail [amdgpu]] [HDCP_DM] connector->index: 1 connect_status: 1 dpms: 0
Sep 19 19:23:28.264049 cachyos-x8664 kernel: amdgpu 0000:c4:00.0: [drm:amdgpu_dm_atomic_commit_tail [amdgpu]] [HDCP_DM] connector->index: 1 connect_status: 1 dpms: 0
Sep 19 19:23:28.280879 cachyos-x8664 kernel: amdgpu 0000:c4:00.0: [drm:amdgpu_dm_atomic_commit_tail [amdgpu]] [HDCP_DM] connector->index: 1 connect_status: 1 dpms: 0
Sep 19 19:23:28.288912 cachyos-x8664 kernel: amdgpu 0000:c4:00.0: [drm:amdgpu_dm_atomic_commit_tail [amdgpu]] [HDCP_DM] connector->index: 1 connect_status: 1 dpms: 0
Sep 19 19:23:28.296960 cachyos-x8664 kernel: amdgpu 0000:c4:00.0: [drm:amdgpu_dm_atomic_commit_tail [amdgpu]] [HDCP_DM] connector->index: 1 connect_status: 1 dpms: 0
Sep 19 19:23:28.331872 cachyos-x8664 kernel: amdgpu 0000:c4:00.0: [drm:link_set_dpms_off [amdgpu]] link_set_dpms_off pipe_ctx dispname=LG TV SSCR2 signal=100 link=1 sink_count=0
Sep 19 19:23:28.333660 cachyos-x8664 kernel: amdgpu 0000:c4:00.0: [drm:dccg35_set_hdmistreamclk [amdgpu]] dccg35_set_hdmistreamclk: OTG1 HDMISTREAMCLK_EN = 0, HDMISTREAMCLK_SRC_SEL = 1
Sep 19 19:23:28.335660 cachyos-x8664 kernel: amdgpu 0000:c4:00.0: [drm:hdmi_frl_LTS_clear_Link_Setting [amdgpu]] FRL LINK TRAINING: LTS:L - Clear FRL_Rate.
Sep 19 19:23:28.337692 cachyos-x8664 kernel: amdgpu 0000:c4:00.0: [drm:hpo_frl_link_enc3_disable [amdgpu]] Entering [hpo_frl_link_enc3_disable]
Sep 19 19:23:28.337798 cachyos-x8664 kernel: amdgpu 0000:c4:00.0: [drm:disable_hpo_frl_link_output.llvm.15947256968954834884 [amdgpu]] Exiting [hpo_frl_link_enc3_disable]
Sep 19 19:23:28.360660 cachyos-x8664 kernel: amdgpu 0000:c4:00.0: [drm:link_set_dpms_off [amdgpu]] link_set_dpms_off pipe_ctx dispname=TL134ADXP03 signal=80 link=0 sink_count=0
Sep 19 19:23:28.447672 cachyos-x8664 kernel: amdgpu 0000:c4:00.0: [drm:dcn35_optimize_bandwidth [amdgpu]] dccg35_set_hdmistreamclk_root_clock_gating: HDMISTREAMCLK0_ROOT_GATE_DISABLE = 0
Sep 19 19:23:28.447900 cachyos-x8664 kernel: amdgpu 0000:c4:00.0: [drm:amdgpu_dm_atomic_commit_tail [amdgpu]] [HDCP_DM] connector->index: 0 connect_status: 1 dpms: 3
Sep 19 19:23:28.449145 cachyos-x8664 kernel: amdgpu 0000:c4:00.0: [drm:amdgpu_dm_atomic_commit_tail [amdgpu]] [HDCP_DM] connector->index: 1 connect_status: 1 dpms: 3
Sep 19 19:23:28.449726 cachyos-x8664 kernel: amdgpu 0000:c4:00.0: [drm:amdgpu_dm_atomic_commit_tail [amdgpu]] [HDCP_DM] connector->index: 2 connect_status: 2 dpms: 3
Sep 19 19:23:28.449927 cachyos-x8664 kernel: amdgpu 0000:c4:00.0: [drm:amdgpu_dm_atomic_commit_tail [amdgpu]] [HDCP_DM] connector->index: 3 connect_status: 2 dpms: 3
Sep 19 19:23:28.450126 cachyos-x8664 kernel: amdgpu 0000:c4:00.0: [drm:amdgpu_dm_atomic_commit_tail [amdgpu]] [HDCP_DM] connector->index: 4 connect_status: 2 dpms: 3
Sep 19 19:23:28.450328 cachyos-x8664 kernel: amdgpu 0000:c4:00.0: [drm:amdgpu_dm_atomic_commit_tail [amdgpu]] [HDCP_DM] connector->index: 5 connect_status: 2 dpms: 3
Sep 19 19:23:28.451113 cachyos-x8664 kernel: amdgpu 0000:c4:00.0: [drm:amdgpu_dm_atomic_commit_tail [amdgpu]] [HDCP_DM] connector->index: 6 connect_status: 2 dpms: 3
Sep 19 19:23:28.451517 cachyos-x8664 kernel: amdgpu 0000:c4:00.0: [drm:amdgpu_dm_atomic_commit_tail [amdgpu]] [HDCP_DM] connector->index: 7 connect_status: 2 dpms: 3
Sep 19 19:23:28.451813 cachyos-x8664 kernel: amdgpu 0000:c4:00.0: [drm:amdgpu_dm_atomic_commit_tail [amdgpu]] [HDCP_DM] connector->index: 8 connect_status: 2 dpms: 3
Sep 19 19:23:48.066804 cachyos-x8664 kernel: amdgpu 0000:c4:00.0: [drm:dcn35_root_clock_control [amdgpu]] dccg35_set_hdmistreamclk_root_clock_gating: HDMISTREAMCLK0_ROOT_GATE_DISABLE = 1
Sep 19 19:23:48.075674 cachyos-x8664 kernel: amdgpu 0000:c4:00.0: [drm:link_set_dpms_on [amdgpu]] link_set_dpms_on pipe_ctx dispname=TL134ADXP03 signal=80 link=0 sink_count=0
Sep 19 19:23:48.228658 cachyos-x8664 kernel: amdgpu 0000:c4:00.0: [drm:hpo_enc3_setup_hdmi_audio [amdgpu]] Entering [hpo_enc3_setup_hdmi_audio]
Sep 19 19:23:48.228847 cachyos-x8664 kernel: amdgpu 0000:c4:00.0: [drm:hpo_enc3_hdmi_audio_setup [amdgpu]] Exiting [hpo_enc3_setup_hdmi_audio]
Sep 19 19:23:48.235737 cachyos-x8664 kernel: amdgpu 0000:c4:00.0: [drm:link_set_dpms_on [amdgpu]] link_set_dpms_on pipe_ctx dispname=LG TV SSCR2 signal=100 link=1 sink_count=0
Sep 19 19:23:48.235940 cachyos-x8664 kernel: amdgpu 0000:c4:00.0: [drm:hpo_enc3_set_hdmi_stream_attribute [amdgpu]] Entering [hpo_enc3_set_hdmi_stream_attribute]
Sep 19 19:23:48.236085 cachyos-x8664 kernel: amdgpu 0000:c4:00.0: [drm:link_set_dpms_on [amdgpu]] Exiting [hpo_enc3_set_hdmi_stream_attribute]
Sep 19 19:23:48.237800 cachyos-x8664 kernel: amdgpu 0000:c4:00.0: [drm:link_set_dpms_on [amdgpu]] FRL LINK TRAINING:  LTS:P Start
Sep 19 19:23:48.237993 cachyos-x8664 kernel: amdgpu 0000:c4:00.0: [drm:hdmi_frl_perform_link_training [amdgpu]] FRL LINK TRAINING:  Starting FRL Link Training.
Sep 19 19:23:48.239660 cachyos-x8664 kernel: amdgpu 0000:c4:00.0: [drm:hdmi_frl_perform_link_training [amdgpu]] FRL LINK TRAINING:  Read Sink Version = 1.
Sep 19 19:23:48.240657 cachyos-x8664 kernel: amdgpu 0000:c4:00.0: [drm:hdmi_frl_perform_link_training [amdgpu]] FRL LINK TRAINING:  Set Source Version = 1.
Sep 19 19:23:48.240837 cachyos-x8664 kernel: amdgpu 0000:c4:00.0: [drm:hdmi_frl_perform_link_training [amdgpu]] FRL LINK TRAINING:  Poll for FLT_READY.
Sep 19 19:23:48.241653 cachyos-x8664 kernel: amdgpu 0000:c4:00.0: [drm:hdmi_frl_perform_link_training [amdgpu]] FRL LINK TRAINING:  Read FLT_READY = 1.  num_polls = 1
Sep 19 19:23:48.243777 cachyos-x8664 kernel: amdgpu 0000:c4:00.0: [drm:hdmi_frl_perform_link_training [amdgpu]] FRL TEST REQ:  FLT_no_timeout = 0 
Sep 19 19:23:48.243968 cachyos-x8664 kernel: amdgpu 0000:c4:00.0: [drm:hdmi_frl_perform_link_training [amdgpu]] FRL LINK TRAINING:  Write link rate = 5.  Max FFE_Levels = 0
Sep 19 19:23:48.244113 cachyos-x8664 kernel: amdgpu 0000:c4:00.0: [drm:hdmi_frl_perform_link_training [amdgpu]] FRL LINK TRAINING:  Poll for FLT_UPDATE.
Sep 19 19:23:48.244656 cachyos-x8664 kernel: amdgpu 0000:c4:00.0: [drm:hdmi_frl_perform_link_training [amdgpu]] FRL LINK TRAINING:  Read FLT_UPDATE = 0.  num_polls = 1
Sep 19 19:23:48.247658 cachyos-x8664 kernel: amdgpu 0000:c4:00.0: [drm:hdmi_frl_perform_link_training [amdgpu]] FRL LINK TRAINING:  Read FLT_UPDATE = 0.  num_polls = 2
Sep 19 19:23:48.249660 cachyos-x8664 kernel: amdgpu 0000:c4:00.0: [drm:hdmi_frl_perform_link_training [amdgpu]] FRL LINK TRAINING:  Read FLT_UPDATE = 0.  num_polls = 3
Sep 19 19:23:48.250659 cachyos-x8664 kernel: amdgpu 0000:c4:00.0: [drm:hdmi_frl_perform_link_training [amdgpu]] FRL LINK TRAINING:  Read FLT_UPDATE = 0.  num_polls = 4
Sep 19 19:23:48.253660 cachyos-x8664 kernel: amdgpu 0000:c4:00.0: [drm:hdmi_frl_perform_link_training [amdgpu]] FRL LINK TRAINING:  Read FLT_UPDATE = 0.  num_polls = 5
Sep 19 19:23:48.255659 cachyos-x8664 kernel: amdgpu 0000:c4:00.0: [drm:hdmi_frl_perform_link_training [amdgpu]] FRL LINK TRAINING:  Read FLT_UPDATE = 0.  num_polls = 6
Sep 19 19:23:48.257668 cachyos-x8664 kernel: amdgpu 0000:c4:00.0: [drm:hdmi_frl_perform_link_training [amdgpu]] FRL LINK TRAINING:  Read FLT_UPDATE = 0.  num_polls = 7
Sep 19 19:23:48.259667 cachyos-x8664 kernel: amdgpu 0000:c4:00.0: [drm:hdmi_frl_perform_link_training [amdgpu]] FRL LINK TRAINING:  Read FLT_UPDATE = 0.  num_polls = 8
Sep 19 19:23:48.261667 cachyos-x8664 kernel: amdgpu 0000:c4:00.0: [drm:hdmi_frl_perform_link_training [amdgpu]] FRL LINK TRAINING:  Read FLT_UPDATE = 0.  num_polls = 9
Sep 19 19:23:48.263672 cachyos-x8664 kernel: amdgpu 0000:c4:00.0: [drm:hdmi_frl_perform_link_training [amdgpu]] FRL LINK TRAINING:  Read FLT_UPDATE = 0.  num_polls = 10
Sep 19 19:23:48.265668 cachyos-x8664 kernel: amdgpu 0000:c4:00.0: [drm:hdmi_frl_perform_link_training [amdgpu]] FRL LINK TRAINING:  Read FLT_UPDATE = 0.  num_polls = 11
Sep 19 19:23:48.267667 cachyos-x8664 kernel: amdgpu 0000:c4:00.0: [drm:hdmi_frl_perform_link_training [amdgpu]] FRL LINK TRAINING:  Read FLT_UPDATE = 0.  num_polls = 12
Sep 19 19:23:48.269667 cachyos-x8664 kernel: amdgpu 0000:c4:00.0: [drm:hdmi_frl_perform_link_training [amdgpu]] FRL LINK TRAINING:  Read FLT_UPDATE = 0.  num_polls = 13
Sep 19 19:23:48.271667 cachyos-x8664 kernel: amdgpu 0000:c4:00.0: [drm:hdmi_frl_perform_link_training [amdgpu]] FRL LINK TRAINING:  Read FLT_UPDATE = 0.  num_polls = 14
Sep 19 19:23:48.273667 cachyos-x8664 kernel: amdgpu 0000:c4:00.0: [drm:hdmi_frl_perform_link_training [amdgpu]] FRL LINK TRAINING:  Read FLT_UPDATE = 0.  num_polls = 15
Sep 19 19:23:48.275667 cachyos-x8664 kernel: amdgpu 0000:c4:00.0: [drm:hdmi_frl_perform_link_training [amdgpu]] FRL LINK TRAINING:  Read FLT_UPDATE = 0.  num_polls = 16
Sep 19 19:23:48.277667 cachyos-x8664 kernel: amdgpu 0000:c4:00.0: [drm:hdmi_frl_perform_link_training [amdgpu]] FRL LINK TRAINING:  Read FLT_UPDATE = 0.  num_polls = 17
Sep 19 19:23:48.279667 cachyos-x8664 kernel: amdgpu 0000:c4:00.0: [drm:hdmi_frl_perform_link_training [amdgpu]] FRL LINK TRAINING:  Read FLT_UPDATE = 0.  num_polls = 18
Sep 19 19:23:48.281667 cachyos-x8664 kernel: amdgpu 0000:c4:00.0: [drm:hdmi_frl_perform_link_training [amdgpu]] FRL LINK TRAINING:  Read FLT_UPDATE = 0.  num_polls = 19
Sep 19 19:23:48.283666 cachyos-x8664 kernel: amdgpu 0000:c4:00.0: [drm:hdmi_frl_perform_link_training [amdgpu]] FRL LINK TRAINING:  Read FLT_UPDATE = 0.  num_polls = 20
Sep 19 19:23:48.285667 cachyos-x8664 kernel: amdgpu 0000:c4:00.0: [drm:hdmi_frl_perform_link_training [amdgpu]] FRL LINK TRAINING:  Read FLT_UPDATE = 0.  num_polls = 21
Sep 19 19:23:48.287701 cachyos-x8664 kernel: amdgpu 0000:c4:00.0: [drm:hdmi_frl_perform_link_training [amdgpu]] FRL LINK TRAINING:  Read FLT_UPDATE = 1.  num_polls = 22
Sep 19 19:23:48.287879 cachyos-x8664 kernel: amdgpu 0000:c4:00.0: [drm:hdmi_frl_perform_link_training [amdgpu]] FRL LINK TRAINING:  Read LN0_LTP_REQ = 5.  LN1_LTP_REQ = 6
Sep 19 19:23:48.288028 cachyos-x8664 kernel: amdgpu 0000:c4:00.0: [drm:hdmi_frl_perform_link_training [amdgpu]] FRL LINK TRAINING:  Read LN2_LTP_REQ = 7.  LN3_LTP_REQ = 8
Sep 19 19:23:48.288167 cachyos-x8664 kernel: amdgpu 0000:c4:00.0: [drm:hdmi_frl_perform_link_training [amdgpu]] FRL LINK TRAINING:  Clear FLT_UPDATE flag.
Sep 19 19:23:48.288710 cachyos-x8664 kernel: amdgpu 0000:c4:00.0: [drm:hdmi_frl_perform_link_training [amdgpu]] FRL LINK TRAINING:  Setting Training Pattern [ln0,ln1,ln2,ln3] = [5,6,7,8].
Sep 19 19:23:48.289668 cachyos-x8664 kernel: amdgpu 0000:c4:00.0: [drm:hdmi_frl_perform_link_training [amdgpu]] FRL LINK TRAINING:  Read FLT_UPDATE = 0.  num_polls = 23
Sep 19 19:23:48.292667 cachyos-x8664 kernel: amdgpu 0000:c4:00.0: [drm:hdmi_frl_perform_link_training [amdgpu]] FRL LINK TRAINING:  Read FLT_UPDATE = 0.  num_polls = 24
Sep 19 19:23:48.294668 cachyos-x8664 kernel: amdgpu 0000:c4:00.0: [drm:hdmi_frl_perform_link_training [amdgpu]] FRL LINK TRAINING:  Read FLT_UPDATE = 0.  num_polls = 25
Sep 19 19:23:48.296667 cachyos-x8664 kernel: amdgpu 0000:c4:00.0: [drm:hdmi_frl_perform_link_training [amdgpu]] FRL LINK TRAINING:  Read FLT_UPDATE = 0.  num_polls = 26
Sep 19 19:23:48.298667 cachyos-x8664 kernel: amdgpu 0000:c4:00.0: [drm:hdmi_frl_perform_link_training [amdgpu]] FRL LINK TRAINING:  Read FLT_UPDATE = 0.  num_polls = 27
Sep 19 19:23:48.300667 cachyos-x8664 kernel: amdgpu 0000:c4:00.0: [drm:hdmi_frl_perform_link_training [amdgpu]] FRL LINK TRAINING:  Read FLT_UPDATE = 0.  num_polls = 28
Sep 19 19:23:48.302667 cachyos-x8664 kernel: amdgpu 0000:c4:00.0: [drm:hdmi_frl_perform_link_training [amdgpu]] FRL LINK TRAINING:  Read FLT_UPDATE = 0.  num_polls = 29
Sep 19 19:23:48.303697 cachyos-x8664 kernel: amdgpu 0000:c4:00.0: [drm:hdmi_frl_perform_link_training [amdgpu]] FRL LINK TRAINING:  Read FLT_UPDATE = 0.  num_polls = 30
Sep 19 19:23:48.306668 cachyos-x8664 kernel: amdgpu 0000:c4:00.0: [drm:hdmi_frl_perform_link_training [amdgpu]] FRL LINK TRAINING:  Read FLT_UPDATE = 0.  num_polls = 31
Sep 19 19:23:48.308669 cachyos-x8664 kernel: amdgpu 0000:c4:00.0: [drm:hdmi_frl_perform_link_training [amdgpu]] FRL LINK TRAINING:  Read FLT_UPDATE = 0.  num_polls = 32
Sep 19 19:23:48.310668 cachyos-x8664 kernel: amdgpu 0000:c4:00.0: [drm:hdmi_frl_perform_link_training [amdgpu]] FRL LINK TRAINING:  Read FLT_UPDATE = 0.  num_polls = 33
Sep 19 19:23:48.312669 cachyos-x8664 kernel: amdgpu 0000:c4:00.0: [drm:hdmi_frl_perform_link_training [amdgpu]] FRL LINK TRAINING:  Read FLT_UPDATE = 0.  num_polls = 34
Sep 19 19:23:48.314668 cachyos-x8664 kernel: amdgpu 0000:c4:00.0: [drm:hdmi_frl_perform_link_training [amdgpu]] FRL LINK TRAINING:  Read FLT_UPDATE = 0.  num_polls = 35
Sep 19 19:23:48.316667 cachyos-x8664 kernel: amdgpu 0000:c4:00.0: [drm:hdmi_frl_perform_link_training [amdgpu]] FRL LINK TRAINING:  Read FLT_UPDATE = 0.  num_polls = 36
Sep 19 19:23:48.318667 cachyos-x8664 kernel: amdgpu 0000:c4:00.0: [drm:hdmi_frl_perform_link_training [amdgpu]] FRL LINK TRAINING:  Read FLT_UPDATE = 0.  num_polls = 37
Sep 19 19:23:48.320667 cachyos-x8664 kernel: amdgpu 0000:c4:00.0: [drm:hdmi_frl_perform_link_training [amdgpu]] FRL LINK TRAINING:  Read FLT_UPDATE = 0.  num_polls = 38
Sep 19 19:23:48.322667 cachyos-x8664 kernel: amdgpu 0000:c4:00.0: [drm:hdmi_frl_perform_link_training [amdgpu]] FRL LINK TRAINING:  Read FLT_UPDATE = 0.  num_polls = 39
Sep 19 19:23:48.324667 cachyos-x8664 kernel: amdgpu 0000:c4:00.0: [drm:hdmi_frl_perform_link_training [amdgpu]] FRL LINK TRAINING:  Read FLT_UPDATE = 0.  num_polls = 40
Sep 19 19:23:48.326669 cachyos-x8664 kernel: amdgpu 0000:c4:00.0: [drm:hdmi_frl_perform_link_training [amdgpu]] FRL LINK TRAINING:  Read FLT_UPDATE = 0.  num_polls = 41
Sep 19 19:23:48.327667 cachyos-x8664 kernel: amdgpu 0000:c4:00.0: [drm:hdmi_frl_perform_link_training [amdgpu]] FRL LINK TRAINING:  Read FLT_UPDATE = 0.  num_polls = 42
Sep 19 19:23:48.330668 cachyos-x8664 kernel: amdgpu 0000:c4:00.0: [drm:hdmi_frl_perform_link_training [amdgpu]] FRL LINK TRAINING:  Read FLT_UPDATE = 0.  num_polls = 43
Sep 19 19:23:48.332667 cachyos-x8664 kernel: amdgpu 0000:c4:00.0: [drm:hdmi_frl_perform_link_training [amdgpu]] FRL LINK TRAINING:  Read FLT_UPDATE = 0.  num_polls = 44
Sep 19 19:23:48.334668 cachyos-x8664 kernel: amdgpu 0000:c4:00.0: [drm:hdmi_frl_perform_link_training [amdgpu]] FRL LINK TRAINING:  Read FLT_UPDATE = 0.  num_polls = 45
Sep 19 19:23:48.336667 cachyos-x8664 kernel: amdgpu 0000:c4:00.0: [drm:hdmi_frl_perform_link_training [amdgpu]] FRL LINK TRAINING:  Read FLT_UPDATE = 0.  num_polls = 46
Sep 19 19:23:48.338658 cachyos-x8664 kernel: amdgpu 0000:c4:00.0: [drm:hdmi_frl_perform_link_training [amdgpu]] FRL LINK TRAINING:  Read FLT_UPDATE = 0.  num_polls = 47
Sep 19 19:23:48.340661 cachyos-x8664 kernel: amdgpu 0000:c4:00.0: [drm:hdmi_frl_perform_link_training [amdgpu]] FRL LINK TRAINING:  Read FLT_UPDATE = 0.  num_polls = 48
Sep 19 19:23:48.342657 cachyos-x8664 kernel: amdgpu 0000:c4:00.0: [drm:hdmi_frl_perform_link_training [amdgpu]] FRL LINK TRAINING:  Read FLT_UPDATE = 0.  num_polls = 49
Sep 19 19:23:48.344660 cachyos-x8664 kernel: amdgpu 0000:c4:00.0: [drm:hdmi_frl_perform_link_training [amdgpu]] FRL LINK TRAINING:  Read FLT_UPDATE = 0.  num_polls = 50
Sep 19 19:23:48.345659 cachyos-x8664 kernel: amdgpu 0000:c4:00.0: [drm:hdmi_frl_perform_link_training [amdgpu]] FRL LINK TRAINING:  Read FLT_UPDATE = 0.  num_polls = 51
Sep 19 19:23:48.348667 cachyos-x8664 kernel: amdgpu 0000:c4:00.0: [drm:hdmi_frl_perform_link_training [amdgpu]] FRL LINK TRAINING:  Read FLT_UPDATE = 0.  num_polls = 52
Sep 19 19:23:48.350667 cachyos-x8664 kernel: amdgpu 0000:c4:00.0: [drm:hdmi_frl_perform_link_training [amdgpu]] FRL LINK TRAINING:  Read FLT_UPDATE = 0.  num_polls = 53
Sep 19 19:23:48.352667 cachyos-x8664 kernel: amdgpu 0000:c4:00.0: [drm:hdmi_frl_perform_link_training [amdgpu]] FRL LINK TRAINING:  Read FLT_UPDATE = 0.  num_polls = 54
Sep 19 19:23:48.354667 cachyos-x8664 kernel: amdgpu 0000:c4:00.0: [drm:hdmi_frl_perform_link_training [amdgpu]] FRL LINK TRAINING:  Read FLT_UPDATE = 0.  num_polls = 55
Sep 19 19:23:48.356667 cachyos-x8664 kernel: amdgpu 0000:c4:00.0: [drm:hdmi_frl_perform_link_training [amdgpu]] FRL LINK TRAINING:  Read FLT_UPDATE = 0.  num_polls = 56
Sep 19 19:23:48.357661 cachyos-x8664 kernel: amdgpu 0000:c4:00.0: [drm:hdmi_frl_perform_link_training [amdgpu]] FRL LINK TRAINING:  Read FLT_UPDATE = 0.  num_polls = 57
Sep 19 19:23:48.359658 cachyos-x8664 kernel: amdgpu 0000:c4:00.0: [drm:hdmi_frl_perform_link_training [amdgpu]] FRL LINK TRAINING:  Read FLT_UPDATE = 0.  num_polls = 58
Sep 19 19:23:48.361657 cachyos-x8664 kernel: amdgpu 0000:c4:00.0: [drm:hdmi_frl_perform_link_training [amdgpu]] FRL LINK TRAINING:  Read FLT_UPDATE = 0.  num_polls = 59
Sep 19 19:23:48.363658 cachyos-x8664 kernel: amdgpu 0000:c4:00.0: [drm:hdmi_frl_perform_link_training [amdgpu]] FRL LINK TRAINING:  Read FLT_UPDATE = 0.  num_polls = 60
Sep 19 19:23:48.366668 cachyos-x8664 kernel: amdgpu 0000:c4:00.0: [drm:hdmi_frl_perform_link_training [amdgpu]] FRL LINK TRAINING:  Read FLT_UPDATE = 0.  num_polls = 61
Sep 19 19:23:48.367667 cachyos-x8664 kernel: amdgpu 0000:c4:00.0: [drm:hdmi_frl_perform_link_training [amdgpu]] FRL LINK TRAINING:  Read FLT_UPDATE = 0.  num_polls = 62
Sep 19 19:23:48.370668 cachyos-x8664 kernel: amdgpu 0000:c4:00.0: [drm:hdmi_frl_perform_link_training [amdgpu]] FRL LINK TRAINING:  Read FLT_UPDATE = 0.  num_polls = 63
Sep 19 19:23:48.372654 cachyos-x8664 kernel: amdgpu 0000:c4:00.0: [drm:hdmi_frl_perform_link_training [amdgpu]] FRL LINK TRAINING:  Read FLT_UPDATE = 0.  num_polls = 64
Sep 19 19:23:48.374668 cachyos-x8664 kernel: amdgpu 0000:c4:00.0: [drm:hdmi_frl_perform_link_training [amdgpu]] FRL LINK TRAINING:  Read FLT_UPDATE = 0.  num_polls = 65
Sep 19 19:23:48.376668 cachyos-x8664 kernel: amdgpu 0000:c4:00.0: [drm:hdmi_frl_perform_link_training [amdgpu]] FRL LINK TRAINING:  Read FLT_UPDATE = 0.  num_polls = 66
Sep 19 19:23:48.378667 cachyos-x8664 kernel: amdgpu 0000:c4:00.0: [drm:hdmi_frl_perform_link_training [amdgpu]] FRL LINK TRAINING:  Read FLT_UPDATE = 0.  num_polls = 67
Sep 19 19:23:48.380668 cachyos-x8664 kernel: amdgpu 0000:c4:00.0: [drm:hdmi_frl_perform_link_training [amdgpu]] FRL LINK TRAINING:  Read FLT_UPDATE = 0.  num_polls = 68
Sep 19 19:23:48.381667 cachyos-x8664 kernel: amdgpu 0000:c4:00.0: [drm:hdmi_frl_perform_link_training [amdgpu]] FRL LINK TRAINING:  Read FLT_UPDATE = 0.  num_polls = 69
Sep 19 19:23:48.384667 cachyos-x8664 kernel: amdgpu 0000:c4:00.0: [drm:hdmi_frl_perform_link_training [amdgpu]] FRL LINK TRAINING:  Read FLT_UPDATE = 0.  num_polls = 70
Sep 19 19:23:48.386667 cachyos-x8664 kernel: amdgpu 0000:c4:00.0: [drm:hdmi_frl_perform_link_training [amdgpu]] FRL LINK TRAINING:  Read FLT_UPDATE = 0.  num_polls = 71
Sep 19 19:23:48.388668 cachyos-x8664 kernel: amdgpu 0000:c4:00.0: [drm:hdmi_frl_perform_link_training [amdgpu]] FRL LINK TRAINING:  Read FLT_UPDATE = 0.  num_polls = 72
Sep 19 19:23:48.390667 cachyos-x8664 kernel: amdgpu 0000:c4:00.0: [drm:hdmi_frl_perform_link_training [amdgpu]] FRL LINK TRAINING:  Read FLT_UPDATE = 0.  num_polls = 73
Sep 19 19:23:48.392667 cachyos-x8664 kernel: amdgpu 0000:c4:00.0: [drm:hdmi_frl_perform_link_training [amdgpu]] FRL LINK TRAINING:  Read FLT_UPDATE = 0.  num_polls = 74
Sep 19 19:23:48.394668 cachyos-x8664 kernel: amdgpu 0000:c4:00.0: [drm:hdmi_frl_perform_link_training [amdgpu]] FRL LINK TRAINING:  Read FLT_UPDATE = 0.  num_polls = 75
Sep 19 19:23:48.396668 cachyos-x8664 kernel: amdgpu 0000:c4:00.0: [drm:hdmi_frl_perform_link_training [amdgpu]] FRL LINK TRAINING:  Read FLT_UPDATE = 0.  num_polls = 76
Sep 19 19:23:48.398667 cachyos-x8664 kernel: amdgpu 0000:c4:00.0: [drm:hdmi_frl_perform_link_training [amdgpu]] FRL LINK TRAINING:  Read FLT_UPDATE = 0.  num_polls = 77
Sep 19 19:23:48.400668 cachyos-x8664 kernel: amdgpu 0000:c4:00.0: [drm:hdmi_frl_perform_link_training [amdgpu]] FRL LINK TRAINING:  Read FLT_UPDATE = 0.  num_polls = 78
Sep 19 19:23:48.401667 cachyos-x8664 kernel: amdgpu 0000:c4:00.0: [drm:hdmi_frl_perform_link_training [amdgpu]] FRL LINK TRAINING:  Read FLT_UPDATE = 0.  num_polls = 79
Sep 19 19:23:48.404667 cachyos-x8664 kernel: amdgpu 0000:c4:00.0: [drm:hdmi_frl_perform_link_training [amdgpu]] FRL LINK TRAINING:  Read FLT_UPDATE = 0.  num_polls = 80
Sep 19 19:23:48.406667 cachyos-x8664 kernel: amdgpu 0000:c4:00.0: [drm:hdmi_frl_perform_link_training [amdgpu]] FRL LINK TRAINING:  Read FLT_UPDATE = 0.  num_polls = 81
Sep 19 19:23:48.408667 cachyos-x8664 kernel: amdgpu 0000:c4:00.0: [drm:hdmi_frl_perform_link_training [amdgpu]] FRL LINK TRAINING:  Read FLT_UPDATE = 0.  num_polls = 82
Sep 19 19:23:48.410668 cachyos-x8664 kernel: amdgpu 0000:c4:00.0: [drm:hdmi_frl_perform_link_training [amdgpu]] FRL LINK TRAINING:  Read FLT_UPDATE = 0.  num_polls = 83
Sep 19 19:23:48.412668 cachyos-x8664 kernel: amdgpu 0000:c4:00.0: [drm:hdmi_frl_perform_link_training [amdgpu]] FRL LINK TRAINING:  Read FLT_UPDATE = 0.  num_polls = 84
Sep 19 19:23:48.414667 cachyos-x8664 kernel: amdgpu 0000:c4:00.0: [drm:hdmi_frl_perform_link_training [amdgpu]] FRL LINK TRAINING:  Read FLT_UPDATE = 0.  num_polls = 85
Sep 19 19:23:48.416667 cachyos-x8664 kernel: amdgpu 0000:c4:00.0: [drm:hdmi_frl_perform_link_training [amdgpu]] FRL LINK TRAINING:  Read FLT_UPDATE = 0.  num_polls = 86
Sep 19 19:23:48.418667 cachyos-x8664 kernel: amdgpu 0000:c4:00.0: [drm:hdmi_frl_perform_link_training [amdgpu]] FRL LINK TRAINING:  Read FLT_UPDATE = 0.  num_polls = 87
Sep 19 19:23:48.420667 cachyos-x8664 kernel: amdgpu 0000:c4:00.0: [drm:hdmi_frl_perform_link_training [amdgpu]] FRL LINK TRAINING:  Read FLT_UPDATE = 0.  num_polls = 88
Sep 19 19:23:48.422667 cachyos-x8664 kernel: amdgpu 0000:c4:00.0: [drm:hdmi_frl_perform_link_training [amdgpu]] FRL LINK TRAINING:  Read FLT_UPDATE = 0.  num_polls = 89
Sep 19 19:23:48.424667 cachyos-x8664 kernel: amdgpu 0000:c4:00.0: [drm:hdmi_frl_perform_link_training [amdgpu]] FRL LINK TRAINING:  Read FLT_UPDATE = 0.  num_polls = 90
Sep 19 19:23:48.426662 cachyos-x8664 kernel: amdgpu 0000:c4:00.0: [drm:hdmi_frl_perform_link_training [amdgpu]] FRL LINK TRAINING:  Read FLT_UPDATE = 0.  num_polls = 91
Sep 19 19:23:48.428668 cachyos-x8664 kernel: amdgpu 0000:c4:00.0: [drm:hdmi_frl_perform_link_training [amdgpu]] FRL LINK TRAINING:  Read FLT_UPDATE = 0.  num_polls = 92
Sep 19 19:23:48.430667 cachyos-x8664 kernel: amdgpu 0000:c4:00.0: [drm:hdmi_frl_perform_link_training [amdgpu]] FRL LINK TRAINING:  Read FLT_UPDATE = 0.  num_polls = 93
Sep 19 19:23:48.432667 cachyos-x8664 kernel: amdgpu 0000:c4:00.0: [drm:hdmi_frl_perform_link_training [amdgpu]] FRL LINK TRAINING:  Read FLT_UPDATE = 0.  num_polls = 94
Sep 19 19:23:48.433667 cachyos-x8664 kernel: amdgpu 0000:c4:00.0: [drm:hdmi_frl_perform_link_training [amdgpu]] FRL LINK TRAINING:  Read FLT_UPDATE = 0.  num_polls = 95
Sep 19 19:23:48.436667 cachyos-x8664 kernel: amdgpu 0000:c4:00.0: [drm:hdmi_frl_perform_link_training [amdgpu]] FRL LINK TRAINING:  Read FLT_UPDATE = 0.  num_polls = 96
Sep 19 19:23:48.438667 cachyos-x8664 kernel: amdgpu 0000:c4:00.0: [drm:hdmi_frl_perform_link_training [amdgpu]] FRL LINK TRAINING:  Read FLT_UPDATE = 0.  num_polls = 97
Sep 19 19:23:48.440668 cachyos-x8664 kernel: amdgpu 0000:c4:00.0: [drm:hdmi_frl_perform_link_training [amdgpu]] FRL LINK TRAINING:  Read FLT_UPDATE = 0.  num_polls = 98
Sep 19 19:23:48.442667 cachyos-x8664 kernel: amdgpu 0000:c4:00.0: [drm:hdmi_frl_perform_link_training [amdgpu]] FRL LINK TRAINING:  Read FLT_UPDATE = 0.  num_polls = 99
Sep 19 19:23:48.444668 cachyos-x8664 kernel: amdgpu 0000:c4:00.0: [drm:hdmi_frl_perform_link_training [amdgpu]] FRL LINK TRAINING:  Read FLT_UPDATE = 0.  num_polls = 100
Sep 19 19:23:48.446667 cachyos-x8664 kernel: amdgpu 0000:c4:00.0: [drm:hdmi_frl_perform_link_training [amdgpu]] FRL LINK TRAINING:  Read FLT_UPDATE = 0.  num_polls = 101
Sep 19 19:23:48.448667 cachyos-x8664 kernel: amdgpu 0000:c4:00.0: [drm:hdmi_frl_perform_link_training [amdgpu]] FRL LINK TRAINING:  Read FLT_UPDATE = 0.  num_polls = 102
Sep 19 19:23:48.450667 cachyos-x8664 kernel: amdgpu 0000:c4:00.0: [drm:hdmi_frl_perform_link_training [amdgpu]] FRL LINK TRAINING:  Read FLT_UPDATE = 0.  num_polls = 103
Sep 19 19:23:48.452667 cachyos-x8664 kernel: amdgpu 0000:c4:00.0: [drm:hdmi_frl_perform_link_training [amdgpu]] FRL LINK TRAINING:  Read FLT_UPDATE = 0.  num_polls = 104
Sep 19 19:23:48.454660 cachyos-x8664 kernel: amdgpu 0000:c4:00.0: [drm:hdmi_frl_perform_link_training [amdgpu]] FRL LINK TRAINING:  Read FLT_UPDATE = 0.  num_polls = 105
Sep 19 19:23:48.454848 cachyos-x8664 kernel: amdgpu 0000:c4:00.0: [drm:hdmi_frl_perform_link_training [amdgpu]] FRL LINK TRAINING:  FAILED - Timeout waiting for FLT_UPDATE to be set by sink.
Sep 19 19:23:48.455652 cachyos-x8664 kernel: amdgpu 0000:c4:00.0: [drm:hdmi_frl_perform_link_training_with_retries [amdgpu]] FRL LINK TRAINING: Retry count = 1 out of 3
Sep 19 19:23:48.658718 cachyos-x8664 kernel: amdgpu 0000:c4:00.0: [drm:hdmi_frl_perform_link_training [amdgpu]] FRL LINK TRAINING:  Starting FRL Link Training.
Sep 19 19:23:48.660661 cachyos-x8664 kernel: amdgpu 0000:c4:00.0: [drm:hdmi_frl_perform_link_training [amdgpu]] FRL LINK TRAINING:  Read Sink Version = 1.
Sep 19 19:23:48.660883 cachyos-x8664 kernel: amdgpu 0000:c4:00.0: [drm:hdmi_frl_perform_link_training [amdgpu]] FRL LINK TRAINING:  Set Source Version = 1.
Sep 19 19:23:48.661040 cachyos-x8664 kernel: amdgpu 0000:c4:00.0: [drm:hdmi_frl_perform_link_training [amdgpu]] FRL LINK TRAINING:  Poll for FLT_READY.
Sep 19 19:23:48.662779 cachyos-x8664 kernel: amdgpu 0000:c4:00.0: [drm:hdmi_frl_perform_link_training [amdgpu]] FRL LINK TRAINING:  Read FLT_READY = 1.  num_polls = 1
Sep 19 19:23:48.662964 cachyos-x8664 kernel: amdgpu 0000:c4:00.0: [drm:hdmi_frl_perform_link_training [amdgpu]] FRL LINK TRAINING:  LTS:L Clear FLT_UPDATE.
Sep 19 19:23:48.664658 cachyos-x8664 kernel: amdgpu 0000:c4:00.0: [drm:hdmi_frl_perform_link_training [amdgpu]] FRL TEST REQ:  FLT_no_timeout = 0 
Sep 19 19:23:48.665658 cachyos-x8664 kernel: amdgpu 0000:c4:00.0: [drm:hdmi_frl_perform_link_training [amdgpu]] FRL LINK TRAINING:  Write link rate = 5.  Max FFE_Levels = 0
Sep 19 19:23:48.665840 cachyos-x8664 kernel: amdgpu 0000:c4:00.0: [drm:hdmi_frl_perform_link_training [amdgpu]] FRL LINK TRAINING:  Poll for FLT_UPDATE.
Sep 19 19:23:48.665992 cachyos-x8664 kernel: amdgpu 0000:c4:00.0: [drm:hdmi_frl_perform_link_training [amdgpu]] FRL LINK TRAINING:  Read FLT_UPDATE = 0.  num_polls = 1
Sep 19 19:23:48.668671 cachyos-x8664 kernel: amdgpu 0000:c4:00.0: [drm:hdmi_frl_perform_link_training [amdgpu]] FRL LINK TRAINING:  Read FLT_UPDATE = 0.  num_polls = 2
Sep 19 19:23:48.670659 cachyos-x8664 kernel: amdgpu 0000:c4:00.0: [drm:hdmi_frl_perform_link_training [amdgpu]] FRL LINK TRAINING:  Read FLT_UPDATE = 0.  num_polls = 3
Sep 19 19:23:48.672669 cachyos-x8664 kernel: amdgpu 0000:c4:00.0: [drm:hdmi_frl_perform_link_training [amdgpu]] FRL LINK TRAINING:  Read FLT_UPDATE = 0.  num_polls = 4
Sep 19 19:23:48.674668 cachyos-x8664 kernel: amdgpu 0000:c4:00.0: [drm:hdmi_frl_perform_link_training [amdgpu]] FRL LINK TRAINING:  Read FLT_UPDATE = 0.  num_polls = 5
Sep 19 19:23:48.676668 cachyos-x8664 kernel: amdgpu 0000:c4:00.0: [drm:hdmi_frl_perform_link_training [amdgpu]] FRL LINK TRAINING:  Read FLT_UPDATE = 0.  num_polls = 6
Sep 19 19:23:48.678668 cachyos-x8664 kernel: amdgpu 0000:c4:00.0: [drm:hdmi_frl_perform_link_training [amdgpu]] FRL LINK TRAINING:  Read FLT_UPDATE = 0.  num_polls = 7
Sep 19 19:23:48.680668 cachyos-x8664 kernel: amdgpu 0000:c4:00.0: [drm:hdmi_frl_perform_link_training [amdgpu]] FRL LINK TRAINING:  Read FLT_UPDATE = 0.  num_polls = 8
Sep 19 19:23:48.682668 cachyos-x8664 kernel: amdgpu 0000:c4:00.0: [drm:hdmi_frl_perform_link_training [amdgpu]] FRL LINK TRAINING:  Read FLT_UPDATE = 0.  num_polls = 9
Sep 19 19:23:48.684668 cachyos-x8664 kernel: amdgpu 0000:c4:00.0: [drm:hdmi_frl_perform_link_training [amdgpu]] FRL LINK TRAINING:  Read FLT_UPDATE = 0.  num_polls = 10
Sep 19 19:23:48.686658 cachyos-x8664 kernel: amdgpu 0000:c4:00.0: [drm:hdmi_frl_perform_link_training [amdgpu]] FRL LINK TRAINING:  Read FLT_UPDATE = 1.  num_polls = 11
Sep 19 19:23:48.687661 cachyos-x8664 kernel: amdgpu 0000:c4:00.0: [drm:hdmi_frl_perform_link_training [amdgpu]] FRL LINK TRAINING:  Read LN0_LTP_REQ = 5.  LN1_LTP_REQ = 6
Sep 19 19:23:48.687846 cachyos-x8664 kernel: amdgpu 0000:c4:00.0: [drm:hdmi_frl_perform_link_training [amdgpu]] FRL LINK TRAINING:  Read LN2_LTP_REQ = 7.  LN3_LTP_REQ = 8
Sep 19 19:23:48.687991 cachyos-x8664 kernel: amdgpu 0000:c4:00.0: [drm:hdmi_frl_perform_link_training [amdgpu]] FRL LINK TRAINING:  Clear FLT_UPDATE flag.
Sep 19 19:23:48.688129 cachyos-x8664 kernel: amdgpu 0000:c4:00.0: [drm:hdmi_frl_perform_link_training [amdgpu]] FRL LINK TRAINING:  Setting Training Pattern [ln0,ln1,ln2,ln3] = [5,6,7,8].
Sep 19 19:23:48.689658 cachyos-x8664 kernel: amdgpu 0000:c4:00.0: [drm:hdmi_frl_perform_link_training [amdgpu]] FRL LINK TRAINING:  Read FLT_UPDATE = 0.  num_polls = 12
Sep 19 19:23:48.691668 cachyos-x8664 kernel: amdgpu 0000:c4:00.0: [drm:hdmi_frl_perform_link_training [amdgpu]] FRL LINK TRAINING:  Read FLT_UPDATE = 0.  num_polls = 13
Sep 19 19:23:48.693670 cachyos-x8664 kernel: amdgpu 0000:c4:00.0: [drm:hdmi_frl_perform_link_training [amdgpu]] FRL LINK TRAINING:  Read FLT_UPDATE = 0.  num_polls = 14
Sep 19 19:23:48.695668 cachyos-x8664 kernel: amdgpu 0000:c4:00.0: [drm:hdmi_frl_perform_link_training [amdgpu]] FRL LINK TRAINING:  Read FLT_UPDATE = 0.  num_polls = 15
Sep 19 19:23:48.697668 cachyos-x8664 kernel: amdgpu 0000:c4:00.0: [drm:hdmi_frl_perform_link_training [amdgpu]] FRL LINK TRAINING:  Read FLT_UPDATE = 0.  num_polls = 16
Sep 19 19:23:48.699668 cachyos-x8664 kernel: amdgpu 0000:c4:00.0: [drm:hdmi_frl_perform_link_training [amdgpu]] FRL LINK TRAINING:  Read FLT_UPDATE = 0.  num_polls = 17
Sep 19 19:23:48.701668 cachyos-x8664 kernel: amdgpu 0000:c4:00.0: [drm:hdmi_frl_perform_link_training [amdgpu]] FRL LINK TRAINING:  Read FLT_UPDATE = 0.  num_polls = 18
Sep 19 19:23:48.703668 cachyos-x8664 kernel: amdgpu 0000:c4:00.0: [drm:hdmi_frl_perform_link_training [amdgpu]] FRL LINK TRAINING:  Read FLT_UPDATE = 0.  num_polls = 19
Sep 19 19:23:48.705668 cachyos-x8664 kernel: amdgpu 0000:c4:00.0: [drm:hdmi_frl_perform_link_training [amdgpu]] FRL LINK TRAINING:  Read FLT_UPDATE = 0.  num_polls = 20
Sep 19 19:23:48.707669 cachyos-x8664 kernel: amdgpu 0000:c4:00.0: [drm:hdmi_frl_perform_link_training [amdgpu]] FRL LINK TRAINING:  Read FLT_UPDATE = 0.  num_polls = 21
Sep 19 19:23:48.709667 cachyos-x8664 kernel: amdgpu 0000:c4:00.0: [drm:hdmi_frl_perform_link_training [amdgpu]] FRL LINK TRAINING:  Read FLT_UPDATE = 0.  num_polls = 22
Sep 19 19:23:48.711668 cachyos-x8664 kernel: amdgpu 0000:c4:00.0: [drm:hdmi_frl_perform_link_training [amdgpu]] FRL LINK TRAINING:  Read FLT_UPDATE = 0.  num_polls = 23
Sep 19 19:23:48.713658 cachyos-x8664 kernel: amdgpu 0000:c4:00.0: [drm:hdmi_frl_perform_link_training [amdgpu]] FRL LINK TRAINING:  Read FLT_UPDATE = 0.  num_polls = 24
Sep 19 19:23:48.715667 cachyos-x8664 kernel: amdgpu 0000:c4:00.0: [drm:hdmi_frl_perform_link_training [amdgpu]] FRL LINK TRAINING:  Read FLT_UPDATE = 0.  num_polls = 25
Sep 19 19:23:48.717663 cachyos-x8664 kernel: amdgpu 0000:c4:00.0: [drm:hdmi_frl_perform_link_training [amdgpu]] FRL LINK TRAINING:  Read FLT_UPDATE = 0.  num_polls = 26
Sep 19 19:23:48.719659 cachyos-x8664 kernel: amdgpu 0000:c4:00.0: [drm:hdmi_frl_perform_link_training [amdgpu]] FRL LINK TRAINING:  Read FLT_UPDATE = 0.  num_polls = 27
Sep 19 19:23:48.721660 cachyos-x8664 kernel: amdgpu 0000:c4:00.0: [drm:hdmi_frl_perform_link_training [amdgpu]] FRL LINK TRAINING:  Read FLT_UPDATE = 0.  num_polls = 28
Sep 19 19:23:48.723658 cachyos-x8664 kernel: amdgpu 0000:c4:00.0: [drm:hdmi_frl_perform_link_training [amdgpu]] FRL LINK TRAINING:  Read FLT_UPDATE = 0.  num_polls = 29
Sep 19 19:23:48.725660 cachyos-x8664 kernel: amdgpu 0000:c4:00.0: [drm:hdmi_frl_perform_link_training [amdgpu]] FRL LINK TRAINING:  Read FLT_UPDATE = 0.  num_polls = 30
Sep 19 19:23:48.727661 cachyos-x8664 kernel: amdgpu 0000:c4:00.0: [drm:hdmi_frl_perform_link_training [amdgpu]] FRL LINK TRAINING:  Read FLT_UPDATE = 0.  num_polls = 31
Sep 19 19:23:48.729668 cachyos-x8664 kernel: amdgpu 0000:c4:00.0: [drm:hdmi_frl_perform_link_training [amdgpu]] FRL LINK TRAINING:  Read FLT_UPDATE = 0.  num_polls = 32
Sep 19 19:23:48.731668 cachyos-x8664 kernel: amdgpu 0000:c4:00.0: [drm:hdmi_frl_perform_link_training [amdgpu]] FRL LINK TRAINING:  Read FLT_UPDATE = 0.  num_polls = 33
Sep 19 19:23:48.733668 cachyos-x8664 kernel: amdgpu 0000:c4:00.0: [drm:hdmi_frl_perform_link_training [amdgpu]] FRL LINK TRAINING:  Read FLT_UPDATE = 0.  num_polls = 34
Sep 19 19:23:48.735668 cachyos-x8664 kernel: amdgpu 0000:c4:00.0: [drm:hdmi_frl_perform_link_training [amdgpu]] FRL LINK TRAINING:  Read FLT_UPDATE = 0.  num_polls = 35
Sep 19 19:23:48.737667 cachyos-x8664 kernel: amdgpu 0000:c4:00.0: [drm:hdmi_frl_perform_link_training [amdgpu]] FRL LINK TRAINING:  Read FLT_UPDATE = 0.  num_polls = 36
Sep 19 19:23:48.739668 cachyos-x8664 kernel: amdgpu 0000:c4:00.0: [drm:hdmi_frl_perform_link_training [amdgpu]] FRL LINK TRAINING:  Read FLT_UPDATE = 0.  num_polls = 37
Sep 19 19:23:48.741659 cachyos-x8664 kernel: amdgpu 0000:c4:00.0: [drm:hdmi_frl_perform_link_training [amdgpu]] FRL LINK TRAINING:  Read FLT_UPDATE = 0.  num_polls = 38
Sep 19 19:23:48.743664 cachyos-x8664 kernel: amdgpu 0000:c4:00.0: [drm:hdmi_frl_perform_link_training [amdgpu]] FRL LINK TRAINING:  Read FLT_UPDATE = 0.  num_polls = 39
Sep 19 19:23:48.745668 cachyos-x8664 kernel: amdgpu 0000:c4:00.0: [drm:hdmi_frl_perform_link_training [amdgpu]] FRL LINK TRAINING:  Read FLT_UPDATE = 0.  num_polls = 40
Sep 19 19:23:48.747661 cachyos-x8664 kernel: amdgpu 0000:c4:00.0: [drm:hdmi_frl_perform_link_training [amdgpu]] FRL LINK TRAINING:  Read FLT_UPDATE = 0.  num_polls = 41
Sep 19 19:23:48.749669 cachyos-x8664 kernel: amdgpu 0000:c4:00.0: [drm:hdmi_frl_perform_link_training [amdgpu]] FRL LINK TRAINING:  Read FLT_UPDATE = 0.  num_polls = 42
Sep 19 19:23:48.751659 cachyos-x8664 kernel: amdgpu 0000:c4:00.0: [drm:hdmi_frl_perform_link_training [amdgpu]] FRL LINK TRAINING:  Read FLT_UPDATE = 0.  num_polls = 43
Sep 19 19:23:48.753670 cachyos-x8664 kernel: amdgpu 0000:c4:00.0: [drm:hdmi_frl_perform_link_training [amdgpu]] FRL LINK TRAINING:  Read FLT_UPDATE = 0.  num_polls = 44
Sep 19 19:23:48.755659 cachyos-x8664 kernel: amdgpu 0000:c4:00.0: [drm:hdmi_frl_perform_link_training [amdgpu]] FRL LINK TRAINING:  Read FLT_UPDATE = 0.  num_polls = 45
Sep 19 19:23:48.757669 cachyos-x8664 kernel: amdgpu 0000:c4:00.0: [drm:hdmi_frl_perform_link_training [amdgpu]] FRL LINK TRAINING:  Read FLT_UPDATE = 0.  num_polls = 46
Sep 19 19:23:48.759658 cachyos-x8664 kernel: amdgpu 0000:c4:00.0: [drm:hdmi_frl_perform_link_training [amdgpu]] FRL LINK TRAINING:  Read FLT_UPDATE = 0.  num_polls = 47
Sep 19 19:23:48.761669 cachyos-x8664 kernel: amdgpu 0000:c4:00.0: [drm:hdmi_frl_perform_link_training [amdgpu]] FRL LINK TRAINING:  Read FLT_UPDATE = 0.  num_polls = 48
Sep 19 19:23:48.763658 cachyos-x8664 kernel: amdgpu 0000:c4:00.0: [drm:hdmi_frl_perform_link_training [amdgpu]] FRL LINK TRAINING:  Read FLT_UPDATE = 0.  num_polls = 49
Sep 19 19:23:48.765659 cachyos-x8664 kernel: amdgpu 0000:c4:00.0: [drm:hdmi_frl_perform_link_training [amdgpu]] FRL LINK TRAINING:  Read FLT_UPDATE = 0.  num_polls = 50
Sep 19 19:23:48.767658 cachyos-x8664 kernel: amdgpu 0000:c4:00.0: [drm:hdmi_frl_perform_link_training [amdgpu]] FRL LINK TRAINING:  Read FLT_UPDATE = 0.  num_polls = 51
Sep 19 19:23:48.769669 cachyos-x8664 kernel: amdgpu 0000:c4:00.0: [drm:hdmi_frl_perform_link_training [amdgpu]] FRL LINK TRAINING:  Read FLT_UPDATE = 0.  num_polls = 52
Sep 19 19:23:48.771669 cachyos-x8664 kernel: amdgpu 0000:c4:00.0: [drm:hdmi_frl_perform_link_training [amdgpu]] FRL LINK TRAINING:  Read FLT_UPDATE = 0.  num_polls = 53
Sep 19 19:23:48.773674 cachyos-x8664 kernel: amdgpu 0000:c4:00.0: [drm:hdmi_frl_perform_link_training [amdgpu]] FRL LINK TRAINING:  Read FLT_UPDATE = 0.  num_polls = 54
Sep 19 19:23:48.775669 cachyos-x8664 kernel: amdgpu 0000:c4:00.0: [drm:hdmi_frl_perform_link_training [amdgpu]] FRL LINK TRAINING:  Read FLT_UPDATE = 0.  num_polls = 55
Sep 19 19:23:48.777671 cachyos-x8664 kernel: amdgpu 0000:c4:00.0: [drm:hdmi_frl_perform_link_training [amdgpu]] FRL LINK TRAINING:  Read FLT_UPDATE = 0.  num_polls = 56
Sep 19 19:23:48.779669 cachyos-x8664 kernel: amdgpu 0000:c4:00.0: [drm:hdmi_frl_perform_link_training [amdgpu]] FRL LINK TRAINING:  Read FLT_UPDATE = 0.  num_polls = 57
Sep 19 19:23:48.781668 cachyos-x8664 kernel: amdgpu 0000:c4:00.0: [drm:hdmi_frl_perform_link_training [amdgpu]] FRL LINK TRAINING:  Read FLT_UPDATE = 0.  num_polls = 58
Sep 19 19:23:48.783668 cachyos-x8664 kernel: amdgpu 0000:c4:00.0: [drm:hdmi_frl_perform_link_training [amdgpu]] FRL LINK TRAINING:  Read FLT_UPDATE = 0.  num_polls = 59
Sep 19 19:23:48.785668 cachyos-x8664 kernel: amdgpu 0000:c4:00.0: [drm:hdmi_frl_perform_link_training [amdgpu]] FRL LINK TRAINING:  Read FLT_UPDATE = 0.  num_polls = 60
Sep 19 19:23:48.787668 cachyos-x8664 kernel: amdgpu 0000:c4:00.0: [drm:hdmi_frl_perform_link_training [amdgpu]] FRL LINK TRAINING:  Read FLT_UPDATE = 0.  num_polls = 61
Sep 19 19:23:48.789661 cachyos-x8664 kernel: amdgpu 0000:c4:00.0: [drm:hdmi_frl_perform_link_training [amdgpu]] FRL LINK TRAINING:  Read FLT_UPDATE = 0.  num_polls = 62
Sep 19 19:23:48.791661 cachyos-x8664 kernel: amdgpu 0000:c4:00.0: [drm:hdmi_frl_perform_link_training [amdgpu]] FRL LINK TRAINING:  Read FLT_UPDATE = 0.  num_polls = 63
Sep 19 19:23:48.793668 cachyos-x8664 kernel: amdgpu 0000:c4:00.0: [drm:hdmi_frl_perform_link_training [amdgpu]] FRL LINK TRAINING:  Read FLT_UPDATE = 0.  num_polls = 64
Sep 19 19:23:48.795668 cachyos-x8664 kernel: amdgpu 0000:c4:00.0: [drm:hdmi_frl_perform_link_training [amdgpu]] FRL LINK TRAINING:  Read FLT_UPDATE = 0.  num_polls = 65
Sep 19 19:23:48.797668 cachyos-x8664 kernel: amdgpu 0000:c4:00.0: [drm:hdmi_frl_perform_link_training [amdgpu]] FRL LINK TRAINING:  Read FLT_UPDATE = 0.  num_polls = 66
Sep 19 19:23:48.799668 cachyos-x8664 kernel: amdgpu 0000:c4:00.0: [drm:hdmi_frl_perform_link_training [amdgpu]] FRL LINK TRAINING:  Read FLT_UPDATE = 0.  num_polls = 67
Sep 19 19:23:48.801668 cachyos-x8664 kernel: amdgpu 0000:c4:00.0: [drm:hdmi_frl_perform_link_training [amdgpu]] FRL LINK TRAINING:  Read FLT_UPDATE = 0.  num_polls = 68
Sep 19 19:23:48.803668 cachyos-x8664 kernel: amdgpu 0000:c4:00.0: [drm:hdmi_frl_perform_link_training [amdgpu]] FRL LINK TRAINING:  Read FLT_UPDATE = 0.  num_polls = 69
Sep 19 19:23:48.805668 cachyos-x8664 kernel: amdgpu 0000:c4:00.0: [drm:hdmi_frl_perform_link_training [amdgpu]] FRL LINK TRAINING:  Read FLT_UPDATE = 0.  num_polls = 70
Sep 19 19:23:48.807668 cachyos-x8664 kernel: amdgpu 0000:c4:00.0: [drm:hdmi_frl_perform_link_training [amdgpu]] FRL LINK TRAINING:  Read FLT_UPDATE = 0.  num_polls = 71
Sep 19 19:23:48.809668 cachyos-x8664 kernel: amdgpu 0000:c4:00.0: [drm:hdmi_frl_perform_link_training [amdgpu]] FRL LINK TRAINING:  Read FLT_UPDATE = 0.  num_polls = 72
Sep 19 19:23:48.811659 cachyos-x8664 kernel: amdgpu 0000:c4:00.0: [drm:hdmi_frl_perform_link_training [amdgpu]] FRL LINK TRAINING:  Read FLT_UPDATE = 0.  num_polls = 73
Sep 19 19:23:48.813667 cachyos-x8664 kernel: amdgpu 0000:c4:00.0: [drm:hdmi_frl_perform_link_training [amdgpu]] FRL LINK TRAINING:  Read FLT_UPDATE = 0.  num_polls = 74
Sep 19 19:23:48.815668 cachyos-x8664 kernel: amdgpu 0000:c4:00.0: [drm:hdmi_frl_perform_link_training [amdgpu]] FRL LINK TRAINING:  Read FLT_UPDATE = 0.  num_polls = 75
Sep 19 19:23:48.817668 cachyos-x8664 kernel: amdgpu 0000:c4:00.0: [drm:hdmi_frl_perform_link_training [amdgpu]] FRL LINK TRAINING:  Read FLT_UPDATE = 0.  num_polls = 76
Sep 19 19:23:48.819668 cachyos-x8664 kernel: amdgpu 0000:c4:00.0: [drm:hdmi_frl_perform_link_training [amdgpu]] FRL LINK TRAINING:  Read FLT_UPDATE = 0.  num_polls = 77
Sep 19 19:23:48.821668 cachyos-x8664 kernel: amdgpu 0000:c4:00.0: [drm:hdmi_frl_perform_link_training [amdgpu]] FRL LINK TRAINING:  Read FLT_UPDATE = 0.  num_polls = 78
Sep 19 19:23:48.823668 cachyos-x8664 kernel: amdgpu 0000:c4:00.0: [drm:hdmi_frl_perform_link_training [amdgpu]] FRL LINK TRAINING:  Read FLT_UPDATE = 0.  num_polls = 79
Sep 19 19:23:48.825668 cachyos-x8664 kernel: amdgpu 0000:c4:00.0: [drm:hdmi_frl_perform_link_training [amdgpu]] FRL LINK TRAINING:  Read FLT_UPDATE = 0.  num_polls = 80
Sep 19 19:23:48.827668 cachyos-x8664 kernel: amdgpu 0000:c4:00.0: [drm:hdmi_frl_perform_link_training [amdgpu]] FRL LINK TRAINING:  Read FLT_UPDATE = 0.  num_polls = 81
Sep 19 19:23:48.829658 cachyos-x8664 kernel: amdgpu 0000:c4:00.0: [drm:hdmi_frl_perform_link_training [amdgpu]] FRL LINK TRAINING:  Read FLT_UPDATE = 0.  num_polls = 82
Sep 19 19:23:48.831658 cachyos-x8664 kernel: amdgpu 0000:c4:00.0: [drm:hdmi_frl_perform_link_training [amdgpu]] FRL LINK TRAINING:  Read FLT_UPDATE = 0.  num_polls = 83
Sep 19 19:23:48.833668 cachyos-x8664 kernel: amdgpu 0000:c4:00.0: [drm:hdmi_frl_perform_link_training [amdgpu]] FRL LINK TRAINING:  Read FLT_UPDATE = 0.  num_polls = 84
Sep 19 19:23:48.835668 cachyos-x8664 kernel: amdgpu 0000:c4:00.0: [drm:hdmi_frl_perform_link_training [amdgpu]] FRL LINK TRAINING:  Read FLT_UPDATE = 0.  num_polls = 85
Sep 19 19:23:48.837668 cachyos-x8664 kernel: amdgpu 0000:c4:00.0: [drm:hdmi_frl_perform_link_training [amdgpu]] FRL LINK TRAINING:  Read FLT_UPDATE = 0.  num_polls = 86
Sep 19 19:23:48.839667 cachyos-x8664 kernel: amdgpu 0000:c4:00.0: [drm:hdmi_frl_perform_link_training [amdgpu]] FRL LINK TRAINING:  Read FLT_UPDATE = 0.  num_polls = 87
Sep 19 19:23:48.841655 cachyos-x8664 kernel: amdgpu 0000:c4:00.0: [drm:hdmi_frl_perform_link_training [amdgpu]] FRL LINK TRAINING:  Read FLT_UPDATE = 0.  num_polls = 88
Sep 19 19:23:48.843669 cachyos-x8664 kernel: amdgpu 0000:c4:00.0: [drm:hdmi_frl_perform_link_training [amdgpu]] FRL LINK TRAINING:  Read FLT_UPDATE = 0.  num_polls = 89
Sep 19 19:23:48.845654 cachyos-x8664 kernel: amdgpu 0000:c4:00.0: [drm:hdmi_frl_perform_link_training [amdgpu]] FRL LINK TRAINING:  Read FLT_UPDATE = 0.  num_polls = 90
Sep 19 19:23:48.847669 cachyos-x8664 kernel: amdgpu 0000:c4:00.0: [drm:hdmi_frl_perform_link_training [amdgpu]] FRL LINK TRAINING:  Read FLT_UPDATE = 0.  num_polls = 91
Sep 19 19:23:48.849668 cachyos-x8664 kernel: amdgpu 0000:c4:00.0: [drm:hdmi_frl_perform_link_training [amdgpu]] FRL LINK TRAINING:  Read FLT_UPDATE = 0.  num_polls = 92
Sep 19 19:23:48.851659 cachyos-x8664 kernel: amdgpu 0000:c4:00.0: [drm:hdmi_frl_perform_link_training [amdgpu]] FRL LINK TRAINING:  Read FLT_UPDATE = 0.  num_polls = 93
Sep 19 19:23:48.853668 cachyos-x8664 kernel: amdgpu 0000:c4:00.0: [drm:hdmi_frl_perform_link_training [amdgpu]] FRL LINK TRAINING:  Read FLT_UPDATE = 0.  num_polls = 94
Sep 19 19:23:48.855668 cachyos-x8664 kernel: amdgpu 0000:c4:00.0: [drm:hdmi_frl_perform_link_training [amdgpu]] FRL LINK TRAINING:  Read FLT_UPDATE = 0.  num_polls = 95
Sep 19 19:23:48.857653 cachyos-x8664 kernel: amdgpu 0000:c4:00.0: [drm:hdmi_frl_perform_link_training [amdgpu]] FRL LINK TRAINING:  Read FLT_UPDATE = 0.  num_polls = 96
Sep 19 19:23:48.859653 cachyos-x8664 kernel: amdgpu 0000:c4:00.0: [drm:hdmi_frl_perform_link_training [amdgpu]] FRL LINK TRAINING:  Read FLT_UPDATE = 0.  num_polls = 97
Sep 19 19:23:48.861652 cachyos-x8664 kernel: amdgpu 0000:c4:00.0: [drm:hdmi_frl_perform_link_training [amdgpu]] FRL LINK TRAINING:  Read FLT_UPDATE = 0.  num_polls = 98
Sep 19 19:23:48.863652 cachyos-x8664 kernel: amdgpu 0000:c4:00.0: [drm:hdmi_frl_perform_link_training [amdgpu]] FRL LINK TRAINING:  Read FLT_UPDATE = 0.  num_polls = 99
Sep 19 19:23:48.865670 cachyos-x8664 kernel: amdgpu 0000:c4:00.0: [drm:hdmi_frl_perform_link_training [amdgpu]] FRL LINK TRAINING:  Read FLT_UPDATE = 0.  num_polls = 100
Sep 19 19:23:48.867645 cachyos-x8664 kernel: amdgpu 0000:c4:00.0: [drm:hdmi_frl_perform_link_training [amdgpu]] FRL LINK TRAINING:  Read FLT_UPDATE = 1.  num_polls = 101
Sep 19 19:23:48.868660 cachyos-x8664 kernel: amdgpu 0000:c4:00.0: [drm:hdmi_frl_perform_link_training [amdgpu]] FRL LINK TRAINING:  Read LN0_LTP_REQ = 0.  LN1_LTP_REQ = 0
Sep 19 19:23:48.868838 cachyos-x8664 kernel: amdgpu 0000:c4:00.0: [drm:hdmi_frl_perform_link_training [amdgpu]] FRL LINK TRAINING:  Read LN2_LTP_REQ = 0.  LN3_LTP_REQ = 0
Sep 19 19:23:48.868913 cachyos-x8664 kernel: amdgpu 0000:c4:00.0: [drm:hdmi_frl_perform_link_training [amdgpu]] FRL LINK TRAINING:  Clear FLT_UPDATE flag.
Sep 19 19:23:48.868982 cachyos-x8664 kernel: amdgpu 0000:c4:00.0: [drm:hdmi_frl_perform_link_training [amdgpu]] FRL LINK TRAINING:  PASSED
Sep 19 19:23:48.869052 cachyos-x8664 kernel: amdgpu 0000:c4:00.0: [drm:hdmi_frl_perform_link_training_with_retries [amdgpu]] FRL LINK TRAINING: Retry count = 2 out of 3
Sep 19 19:23:48.869723 cachyos-x8664 kernel: amdgpu 0000:c4:00.0: [drm:hpo_frl_link_enc3_enable_output [amdgpu]] Entering [hpo_frl_link_enc3_enable_output]
Sep 19 19:23:48.869791 cachyos-x8664 kernel: amdgpu 0000:c4:00.0: [drm:link_set_dpms_on [amdgpu]] Exiting [hpo_frl_link_enc3_enable_output]
Sep 19 19:23:48.873643 cachyos-x8664 kernel: amdgpu 0000:c4:00.0: [drm:hdmi_frl_poll_start [amdgpu]] FRL LINK TRAINING:  Read FRL_START = 0, FLT_UPDATE = 0.  num_polls = 100
Sep 19 19:23:48.876642 cachyos-x8664 kernel: amdgpu 0000:c4:00.0: [drm:hdmi_frl_poll_start [amdgpu]] FRL LINK TRAINING:  Read FRL_START = 0, FLT_UPDATE = 0.  num_polls = 99
Sep 19 19:23:48.879642 cachyos-x8664 kernel: amdgpu 0000:c4:00.0: [drm:hdmi_frl_poll_start [amdgpu]] FRL LINK TRAINING:  Read FRL_START = 0, FLT_UPDATE = 0.  num_polls = 98
Sep 19 19:23:48.882652 cachyos-x8664 kernel: amdgpu 0000:c4:00.0: [drm:hdmi_frl_poll_start [amdgpu]] FRL LINK TRAINING:  Read FRL_START = 0, FLT_UPDATE = 0.  num_polls = 97
Sep 19 19:23:48.885652 cachyos-x8664 kernel: amdgpu 0000:c4:00.0: [drm:hdmi_frl_poll_start [amdgpu]] FRL LINK TRAINING:  Read FRL_START = 0, FLT_UPDATE = 0.  num_polls = 96
Sep 19 19:23:48.888642 cachyos-x8664 kernel: amdgpu 0000:c4:00.0: [drm:hdmi_frl_poll_start [amdgpu]] FRL LINK TRAINING:  Read FRL_START = 0, FLT_UPDATE = 0.  num_polls = 95
Sep 19 19:23:48.891643 cachyos-x8664 kernel: amdgpu 0000:c4:00.0: [drm:hdmi_frl_poll_start [amdgpu]] FRL LINK TRAINING:  Read FRL_START = 0, FLT_UPDATE = 0.  num_polls = 94
Sep 19 19:23:48.894643 cachyos-x8664 kernel: amdgpu 0000:c4:00.0: [drm:hdmi_frl_poll_start [amdgpu]] FRL LINK TRAINING:  Read FRL_START = 0, FLT_UPDATE = 0.  num_polls = 93
Sep 19 19:23:48.897642 cachyos-x8664 kernel: amdgpu 0000:c4:00.0: [drm:hdmi_frl_poll_start [amdgpu]] FRL LINK TRAINING:  Read FRL_START = 0, FLT_UPDATE = 0.  num_polls = 92
Sep 19 19:23:48.900643 cachyos-x8664 kernel: amdgpu 0000:c4:00.0: [drm:hdmi_frl_poll_start [amdgpu]] FRL LINK TRAINING:  Read FRL_START = 0, FLT_UPDATE = 0.  num_polls = 91
Sep 19 19:23:48.903643 cachyos-x8664 kernel: amdgpu 0000:c4:00.0: [drm:hdmi_frl_poll_start [amdgpu]] FRL LINK TRAINING:  Read FRL_START = 0, FLT_UPDATE = 0.  num_polls = 90
Sep 19 19:23:48.906642 cachyos-x8664 kernel: amdgpu 0000:c4:00.0: [drm:hdmi_frl_poll_start [amdgpu]] FRL LINK TRAINING:  Read FRL_START = 0, FLT_UPDATE = 0.  num_polls = 89
Sep 19 19:23:48.909673 cachyos-x8664 kernel: amdgpu 0000:c4:00.0: [drm:hdmi_frl_poll_start [amdgpu]] FRL LINK TRAINING:  Read FRL_START = 0, FLT_UPDATE = 0.  num_polls = 88
Sep 19 19:23:48.912643 cachyos-x8664 kernel: amdgpu 0000:c4:00.0: [drm:hdmi_frl_poll_start [amdgpu]] FRL LINK TRAINING:  Read FRL_START = 0, FLT_UPDATE = 0.  num_polls = 87
Sep 19 19:23:48.915643 cachyos-x8664 kernel: amdgpu 0000:c4:00.0: [drm:hdmi_frl_poll_start [amdgpu]] FRL LINK TRAINING:  Read FRL_START = 0, FLT_UPDATE = 0.  num_polls = 86
Sep 19 19:23:48.918661 cachyos-x8664 kernel: amdgpu 0000:c4:00.0: [drm:hdmi_frl_poll_start [amdgpu]] FRL LINK TRAINING:  Read FRL_START = 0, FLT_UPDATE = 0.  num_polls = 85
Sep 19 19:23:48.921653 cachyos-x8664 kernel: amdgpu 0000:c4:00.0: [drm:hdmi_frl_poll_start [amdgpu]] FRL LINK TRAINING:  Read FRL_START = 0, FLT_UPDATE = 0.  num_polls = 84
Sep 19 19:23:48.924653 cachyos-x8664 kernel: amdgpu 0000:c4:00.0: [drm:hdmi_frl_poll_start [amdgpu]] FRL LINK TRAINING:  Read FRL_START = 0, FLT_UPDATE = 0.  num_polls = 83
Sep 19 19:23:48.927642 cachyos-x8664 kernel: amdgpu 0000:c4:00.0: [drm:hdmi_frl_poll_start [amdgpu]] FRL LINK TRAINING:  Read FRL_START = 0, FLT_UPDATE = 0.  num_polls = 82
Sep 19 19:23:48.930652 cachyos-x8664 kernel: amdgpu 0000:c4:00.0: [drm:hdmi_frl_poll_start [amdgpu]] FRL LINK TRAINING:  Read FRL_START = 0, FLT_UPDATE = 0.  num_polls = 81
Sep 19 19:23:48.933643 cachyos-x8664 kernel: amdgpu 0000:c4:00.0: [drm:hdmi_frl_poll_start [amdgpu]] FRL LINK TRAINING:  Read FRL_START = 0, FLT_UPDATE = 0.  num_polls = 80
Sep 19 19:23:48.935653 cachyos-x8664 kernel: amdgpu 0000:c4:00.0: [drm:hdmi_frl_poll_start [amdgpu]] FRL LINK TRAINING:  Read FRL_START = 0, FLT_UPDATE = 0.  num_polls = 79
Sep 19 19:23:48.938643 cachyos-x8664 kernel: amdgpu 0000:c4:00.0: [drm:hdmi_frl_poll_start [amdgpu]] FRL LINK TRAINING:  Read FRL_START = 0, FLT_UPDATE = 0.  num_polls = 78
Sep 19 19:23:48.941653 cachyos-x8664 kernel: amdgpu 0000:c4:00.0: [drm:hdmi_frl_poll_start [amdgpu]] FRL LINK TRAINING:  Read FRL_START = 0, FLT_UPDATE = 0.  num_polls = 77
Sep 19 19:23:48.944643 cachyos-x8664 kernel: amdgpu 0000:c4:00.0: [drm:hdmi_frl_poll_start [amdgpu]] FRL LINK TRAINING:  Read FRL_START = 0, FLT_UPDATE = 0.  num_polls = 76
Sep 19 19:23:48.947652 cachyos-x8664 kernel: amdgpu 0000:c4:00.0: [drm:hdmi_frl_poll_start [amdgpu]] FRL LINK TRAINING:  Read FRL_START = 0, FLT_UPDATE = 0.  num_polls = 75
Sep 19 19:23:48.950642 cachyos-x8664 kernel: amdgpu 0000:c4:00.0: [drm:hdmi_frl_poll_start [amdgpu]] FRL LINK TRAINING:  Read FRL_START = 0, FLT_UPDATE = 0.  num_polls = 74
Sep 19 19:23:48.953653 cachyos-x8664 kernel: amdgpu 0000:c4:00.0: [drm:hdmi_frl_poll_start [amdgpu]] FRL LINK TRAINING:  Read FRL_START = 0, FLT_UPDATE = 0.  num_polls = 73
Sep 19 19:23:48.955653 cachyos-x8664 kernel: amdgpu 0000:c4:00.0: [drm:hdmi_frl_poll_start [amdgpu]] FRL LINK TRAINING:  Read FRL_START = 0, FLT_UPDATE = 0.  num_polls = 72
Sep 19 19:23:48.959648 cachyos-x8664 kernel: amdgpu 0000:c4:00.0: [drm:hdmi_frl_poll_start [amdgpu]] FRL LINK TRAINING:  Read FRL_START = 0, FLT_UPDATE = 0.  num_polls = 71
Sep 19 19:23:48.962648 cachyos-x8664 kernel: amdgpu 0000:c4:00.0: [drm:hdmi_frl_poll_start [amdgpu]] FRL LINK TRAINING:  Read FRL_START = 0, FLT_UPDATE = 0.  num_polls = 70
Sep 19 19:23:48.964646 cachyos-x8664 kernel: amdgpu 0000:c4:00.0: [drm:hdmi_frl_poll_start [amdgpu]] FRL LINK TRAINING:  Read FRL_START = 0, FLT_UPDATE = 0.  num_polls = 69
Sep 19 19:23:48.967651 cachyos-x8664 kernel: amdgpu 0000:c4:00.0: [drm:hdmi_frl_poll_start [amdgpu]] FRL LINK TRAINING:  Read FRL_START = 0, FLT_UPDATE = 0.  num_polls = 68
Sep 19 19:23:48.970643 cachyos-x8664 kernel: amdgpu 0000:c4:00.0: [drm:hdmi_frl_poll_start [amdgpu]] FRL LINK TRAINING:  Read FRL_START = 0, FLT_UPDATE = 0.  num_polls = 67
Sep 19 19:23:48.973643 cachyos-x8664 kernel: amdgpu 0000:c4:00.0: [drm:hdmi_frl_poll_start [amdgpu]] FRL LINK TRAINING:  Read FRL_START = 0, FLT_UPDATE = 0.  num_polls = 66
Sep 19 19:23:48.976659 cachyos-x8664 kernel: amdgpu 0000:c4:00.0: [drm:hdmi_frl_poll_start [amdgpu]] FRL LINK TRAINING:  Read FRL_START = 0, FLT_UPDATE = 0.  num_polls = 65
Sep 19 19:23:48.979662 cachyos-x8664 kernel: amdgpu 0000:c4:00.0: [drm:hdmi_frl_poll_start [amdgpu]] FRL LINK TRAINING:  Read FRL_START = 0, FLT_UPDATE = 0.  num_polls = 64
Sep 19 19:23:48.982659 cachyos-x8664 kernel: amdgpu 0000:c4:00.0: [drm:hdmi_frl_poll_start [amdgpu]] FRL LINK TRAINING:  Read FRL_START = 0, FLT_UPDATE = 0.  num_polls = 63
Sep 19 19:23:48.985658 cachyos-x8664 kernel: amdgpu 0000:c4:00.0: [drm:hdmi_frl_poll_start [amdgpu]] FRL LINK TRAINING:  Read FRL_START = 0, FLT_UPDATE = 0.  num_polls = 62
Sep 19 19:23:48.988658 cachyos-x8664 kernel: amdgpu 0000:c4:00.0: [drm:hdmi_frl_poll_start [amdgpu]] FRL LINK TRAINING:  Read FRL_START = 0, FLT_UPDATE = 0.  num_polls = 61
Sep 19 19:23:48.991659 cachyos-x8664 kernel: amdgpu 0000:c4:00.0: [drm:hdmi_frl_poll_start [amdgpu]] FRL LINK TRAINING:  Read FRL_START = 0, FLT_UPDATE = 0.  num_polls = 60
Sep 19 19:23:48.994658 cachyos-x8664 kernel: amdgpu 0000:c4:00.0: [drm:hdmi_frl_poll_start [amdgpu]] FRL LINK TRAINING:  Read FRL_START = 0, FLT_UPDATE = 0.  num_polls = 59
Sep 19 19:23:48.997660 cachyos-x8664 kernel: amdgpu 0000:c4:00.0: [drm:hdmi_frl_poll_start [amdgpu]] FRL LINK TRAINING:  Read FRL_START = 0, FLT_UPDATE = 0.  num_polls = 58
Sep 19 19:23:49.000658 cachyos-x8664 kernel: amdgpu 0000:c4:00.0: [drm:hdmi_frl_poll_start [amdgpu]] FRL LINK TRAINING:  Read FRL_START = 0, FLT_UPDATE = 0.  num_polls = 57
Sep 19 19:23:49.003658 cachyos-x8664 kernel: amdgpu 0000:c4:00.0: [drm:hdmi_frl_poll_start [amdgpu]] FRL LINK TRAINING:  Read FRL_START = 0, FLT_UPDATE = 0.  num_polls = 56
Sep 19 19:23:49.006658 cachyos-x8664 kernel: amdgpu 0000:c4:00.0: [drm:hdmi_frl_poll_start [amdgpu]] FRL LINK TRAINING:  Read FRL_START = 0, FLT_UPDATE = 0.  num_polls = 55
Sep 19 19:23:49.008658 cachyos-x8664 kernel: amdgpu 0000:c4:00.0: [drm:hdmi_frl_poll_start [amdgpu]] FRL LINK TRAINING:  Read FRL_START = 0, FLT_UPDATE = 0.  num_polls = 54
Sep 19 19:23:49.012658 cachyos-x8664 kernel: amdgpu 0000:c4:00.0: [drm:hdmi_frl_poll_start [amdgpu]] FRL LINK TRAINING:  Read FRL_START = 0, FLT_UPDATE = 0.  num_polls = 53
Sep 19 19:23:49.015658 cachyos-x8664 kernel: amdgpu 0000:c4:00.0: [drm:hdmi_frl_poll_start [amdgpu]] FRL LINK TRAINING:  Read FRL_START = 0, FLT_UPDATE = 0.  num_polls = 52
Sep 19 19:23:49.018659 cachyos-x8664 kernel: amdgpu 0000:c4:00.0: [drm:hdmi_frl_poll_start [amdgpu]] FRL LINK TRAINING:  Read FRL_START = 0, FLT_UPDATE = 0.  num_polls = 51
Sep 19 19:23:49.021658 cachyos-x8664 kernel: amdgpu 0000:c4:00.0: [drm:hdmi_frl_poll_start [amdgpu]] FRL LINK TRAINING:  Read FRL_START = 0, FLT_UPDATE = 0.  num_polls = 50
Sep 19 19:23:49.024659 cachyos-x8664 kernel: amdgpu 0000:c4:00.0: [drm:hdmi_frl_poll_start [amdgpu]] FRL LINK TRAINING:  Read FRL_START = 0, FLT_UPDATE = 0.  num_polls = 49
Sep 19 19:23:49.027658 cachyos-x8664 kernel: amdgpu 0000:c4:00.0: [drm:hdmi_frl_poll_start [amdgpu]] FRL LINK TRAINING:  Read FRL_START = 0, FLT_UPDATE = 0.  num_polls = 48
Sep 19 19:23:49.030658 cachyos-x8664 kernel: amdgpu 0000:c4:00.0: [drm:hdmi_frl_poll_start [amdgpu]] FRL LINK TRAINING:  Read FRL_START = 0, FLT_UPDATE = 0.  num_polls = 47
Sep 19 19:23:49.032658 cachyos-x8664 kernel: amdgpu 0000:c4:00.0: [drm:hdmi_frl_poll_start [amdgpu]] FRL LINK TRAINING:  Read FRL_START = 0, FLT_UPDATE = 0.  num_polls = 46
Sep 19 19:23:49.036658 cachyos-x8664 kernel: amdgpu 0000:c4:00.0: [drm:hdmi_frl_poll_start [amdgpu]] FRL LINK TRAINING:  Read FRL_START = 0, FLT_UPDATE = 0.  num_polls = 45
Sep 19 19:23:49.039659 cachyos-x8664 kernel: amdgpu 0000:c4:00.0: [drm:hdmi_frl_poll_start [amdgpu]] FRL LINK TRAINING:  Read FRL_START = 0, FLT_UPDATE = 0.  num_polls = 44
Sep 19 19:23:49.042659 cachyos-x8664 kernel: amdgpu 0000:c4:00.0: [drm:hdmi_frl_poll_start [amdgpu]] FRL LINK TRAINING:  Read FRL_START = 0, FLT_UPDATE = 0.  num_polls = 43
Sep 19 19:23:49.045658 cachyos-x8664 kernel: amdgpu 0000:c4:00.0: [drm:hdmi_frl_poll_start [amdgpu]] FRL LINK TRAINING:  Read FRL_START = 0, FLT_UPDATE = 0.  num_polls = 42
Sep 19 19:23:49.047659 cachyos-x8664 kernel: amdgpu 0000:c4:00.0: [drm:hdmi_frl_poll_start [amdgpu]] FRL LINK TRAINING:  Read FRL_START = 0, FLT_UPDATE = 0.  num_polls = 41
Sep 19 19:23:49.051658 cachyos-x8664 kernel: amdgpu 0000:c4:00.0: [drm:hdmi_frl_poll_start [amdgpu]] FRL LINK TRAINING:  Read FRL_START = 0, FLT_UPDATE = 0.  num_polls = 40
Sep 19 19:23:49.053659 cachyos-x8664 kernel: amdgpu 0000:c4:00.0: [drm:hdmi_frl_poll_start [amdgpu]] FRL LINK TRAINING:  Read FRL_START = 0, FLT_UPDATE = 0.  num_polls = 39
Sep 19 19:23:49.056659 cachyos-x8664 kernel: amdgpu 0000:c4:00.0: [drm:hdmi_frl_poll_start [amdgpu]] FRL LINK TRAINING:  Read FRL_START = 0, FLT_UPDATE = 0.  num_polls = 38
Sep 19 19:23:49.059658 cachyos-x8664 kernel: amdgpu 0000:c4:00.0: [drm:hdmi_frl_poll_start [amdgpu]] FRL LINK TRAINING:  Read FRL_START = 0, FLT_UPDATE = 0.  num_polls = 37
Sep 19 19:23:49.062658 cachyos-x8664 kernel: amdgpu 0000:c4:00.0: [drm:hdmi_frl_poll_start [amdgpu]] FRL LINK TRAINING:  Read FRL_START = 0, FLT_UPDATE = 0.  num_polls = 36
Sep 19 19:23:49.065659 cachyos-x8664 kernel: amdgpu 0000:c4:00.0: [drm:hdmi_frl_poll_start [amdgpu]] FRL LINK TRAINING:  Read FRL_START = 0, FLT_UPDATE = 0.  num_polls = 35
Sep 19 19:23:49.068658 cachyos-x8664 kernel: amdgpu 0000:c4:00.0: [drm:hdmi_frl_poll_start [amdgpu]] FRL LINK TRAINING:  Read FRL_START = 0, FLT_UPDATE = 0.  num_polls = 34
Sep 19 19:23:49.071662 cachyos-x8664 kernel: amdgpu 0000:c4:00.0: [drm:hdmi_frl_poll_start [amdgpu]] FRL LINK TRAINING:  Read FRL_START = 0, FLT_UPDATE = 0.  num_polls = 33
Sep 19 19:23:49.074669 cachyos-x8664 kernel: amdgpu 0000:c4:00.0: [drm:hdmi_frl_poll_start [amdgpu]] FRL LINK TRAINING:  Read FRL_START = 1, FLT_UPDATE = 0.  num_polls = 32
Sep 19 19:23:49.074854 cachyos-x8664 kernel: amdgpu 0000:c4:00.0: [drm:link_set_dpms_on [amdgpu]] FRL LINK TRAINING:  LTS:P Success
Sep 19 19:23:49.075006 cachyos-x8664 kernel: amdgpu 0000:c4:00.0: [drm:dccg35_set_hdmistreamclk [amdgpu]] dccg35_set_hdmistreamclk: OTG1 HDMISTREAMCLK_EN = 1, HDMISTREAMCLK_SRC_SEL = 1
Sep 19 19:23:49.075281 cachyos-x8664 kernel: amdgpu 0000:c4:00.0: [drm:link_set_dpms_on [amdgpu]] Exiting [hpo_enc3_enable]
Sep 19 19:23:49.080733 cachyos-x8664 kernel: amdgpu 0000:c4:00.0: [drm:amdgpu_dm_atomic_commit_tail [amdgpu]] [HDCP_DM] connector->index: 0 connect_status: 1 dpms: 0
Sep 19 19:23:49.081135 cachyos-x8664 kernel: amdgpu 0000:c4:00.0: [drm:amdgpu_dm_atomic_commit_tail [amdgpu]] [HDCP_DM] connector->index: 1 connect_status: 1 dpms: 0
Sep 19 19:23:49.082058 cachyos-x8664 kernel: amdgpu 0000:c4:00.0: [drm:amdgpu_dm_atomic_commit_tail [amdgpu]] [HDCP_DM] connector->index: 2 connect_status: 2 dpms: 3
Sep 19 19:23:49.082787 cachyos-x8664 kernel: amdgpu 0000:c4:00.0: [drm:amdgpu_dm_atomic_commit_tail [amdgpu]] [HDCP_DM] connector->index: 3 connect_status: 2 dpms: 3
Sep 19 19:23:49.082982 cachyos-x8664 kernel: amdgpu 0000:c4:00.0: [drm:amdgpu_dm_atomic_commit_tail [amdgpu]] [HDCP_DM] connector->index: 4 connect_status: 2 dpms: 3
Sep 19 19:23:49.083869 cachyos-x8664 kernel: amdgpu 0000:c4:00.0: [drm:amdgpu_dm_atomic_commit_tail [amdgpu]] [HDCP_DM] connector->index: 5 connect_status: 2 dpms: 3
Sep 19 19:23:49.084069 cachyos-x8664 kernel: amdgpu 0000:c4:00.0: [drm:amdgpu_dm_atomic_commit_tail [amdgpu]] [HDCP_DM] connector->index: 6 connect_status: 2 dpms: 3
Sep 19 19:23:49.084660 cachyos-x8664 kernel: amdgpu 0000:c4:00.0: [drm:amdgpu_dm_atomic_commit_tail [amdgpu]] [HDCP_DM] connector->index: 7 connect_status: 2 dpms: 3
Sep 19 19:23:49.084855 cachyos-x8664 kernel: amdgpu 0000:c4:00.0: [drm:amdgpu_dm_atomic_commit_tail [amdgpu]] [HDCP_DM] connector->index: 8 connect_status: 2 dpms: 3
Sep 19 19:23:49.087774 cachyos-x8664 kernel: amdgpu 0000:c4:00.0: [drm:dcn35_root_clock_control [amdgpu]] dccg35_set_hdmistreamclk_root_clock_gating: HDMISTREAMCLK0_ROOT_GATE_DISABLE = 1
Sep 19 19:23:49.098947 cachyos-x8664 kernel: amdgpu 0000:c4:00.0: [drm:dcn35_root_clock_control [amdgpu]] dccg35_set_hdmistreamclk_root_clock_gating: HDMISTREAMCLK0_ROOT_GATE_DISABLE = 1
Sep 19 19:23:49.115250 cachyos-x8664 kernel: amdgpu 0000:c4:00.0: [drm:amdgpu_dm_atomic_commit_tail [amdgpu]] [HDCP_DM] connector->index: 1 connect_status: 1 dpms: 0
Sep 19 19:23:49.115341 cachyos-x8664 kernel: amdgpu 0000:c4:00.0: [drm:amdgpu_dm_atomic_commit_tail [amdgpu]] [HDCP_DM] connector->index: 0 connect_status: 1 dpms: 0
Sep 19 19:23:49.117645 cachyos-x8664 kernel: amdgpu 0000:c4:00.0: [drm:dcn35_root_clock_control [amdgpu]] dccg35_set_hdmistreamclk_root_clock_gating: HDMISTREAMCLK0_ROOT_GATE_DISABLE = 1
Sep 19 19:23:49.140877 cachyos-x8664 kernel: amdgpu 0000:c4:00.0: [drm:amdgpu_dm_atomic_commit_tail [amdgpu]] [HDCP_DM] connector->index: 1 connect_status: 1 dpms: 0
Sep 19 19:23:49.157028 cachyos-x8664 kernel: amdgpu 0000:c4:00.0: [drm:amdgpu_dm_atomic_commit_tail [amdgpu]] [HDCP_DM] connector->index: 1 connect_status: 1 dpms: 0
Sep 19 19:23:49.174017 cachyos-x8664 kernel: amdgpu 0000:c4:00.0: [drm:amdgpu_dm_atomic_commit_tail [amdgpu]] [HDCP_DM] connector->index: 1 connect_status: 1 dpms: 0
Sep 19 19:23:49.190762 cachyos-x8664 kernel: amdgpu 0000:c4:00.0: [drm:amdgpu_dm_atomic_commit_tail [amdgpu]] [HDCP_DM] connector->index: 1 connect_status: 1 dpms: 0
Sep 19 19:23:49.198860 cachyos-x8664 kernel: amdgpu 0000:c4:00.0: [drm:amdgpu_dm_atomic_commit_tail [amdgpu]] [HDCP_DM] connector->index: 1 connect_status: 1 dpms: 0
Sep 19 19:23:49.215985 cachyos-x8664 kernel: amdgpu 0000:c4:00.0: [drm:amdgpu_dm_atomic_commit_tail [amdgpu]] [HDCP_DM] connector->index: 1 connect_status: 1 dpms: 0
Sep 19 19:23:49.231813 cachyos-x8664 kernel: amdgpu 0000:c4:00.0: [drm:amdgpu_dm_atomic_commit_tail [amdgpu]] [HDCP_DM] connector->index: 1 connect_status: 1 dpms: 0
Sep 19 19:23:49.240789 cachyos-x8664 kernel: amdgpu 0000:c4:00.0: [drm:amdgpu_dm_atomic_commit_tail [amdgpu]] [HDCP_DM] connector->index: 1 connect_status: 1 dpms: 0
Sep 19 19:23:49.257134 cachyos-x8664 kernel: amdgpu 0000:c4:00.0: [drm:amdgpu_dm_atomic_commit_tail [amdgpu]] [HDCP_DM] connector->index: 1 connect_status: 1 dpms: 0
Sep 19 19:23:49.273910 cachyos-x8664 kernel: amdgpu 0000:c4:00.0: [drm:amdgpu_dm_atomic_commit_tail [amdgpu]] [HDCP_DM] connector->index: 1 connect_status: 1 dpms: 0
Sep 19 19:23:49.290788 cachyos-x8664 kernel: amdgpu 0000:c4:00.0: [drm:amdgpu_dm_atomic_commit_tail [amdgpu]] [HDCP_DM] connector->index: 1 connect_status: 1 dpms: 0
Sep 19 19:23:49.307770 cachyos-x8664 kernel: amdgpu 0000:c4:00.0: [drm:amdgpu_dm_atomic_commit_tail [amdgpu]] [HDCP_DM] connector->index: 1 connect_status: 1 dpms: 0
Sep 19 19:23:49.324098 cachyos-x8664 kernel: amdgpu 0000:c4:00.0: [drm:amdgpu_dm_atomic_commit_tail [amdgpu]] [HDCP_DM] connector->index: 1 connect_status: 1 dpms: 0
Sep 19 19:23:49.340984 cachyos-x8664 kernel: amdgpu 0000:c4:00.0: [drm:amdgpu_dm_atomic_commit_tail [amdgpu]] [HDCP_DM] connector->index: 1 connect_status: 1 dpms: 0
Sep 19 19:23:49.357849 cachyos-x8664 kernel: amdgpu 0000:c4:00.0: [drm:amdgpu_dm_atomic_commit_tail [amdgpu]] [HDCP_DM] connector->index: 1 connect_status: 1 dpms: 0
Sep 19 19:23:49.374003 cachyos-x8664 kernel: amdgpu 0000:c4:00.0: [drm:amdgpu_dm_atomic_commit_tail [amdgpu]] [HDCP_DM] connector->index: 1 connect_status: 1 dpms: 0
Sep 19 19:23:49.390898 cachyos-x8664 kernel: amdgpu 0000:c4:00.0: [drm:amdgpu_dm_atomic_commit_tail [amdgpu]] [HDCP_DM] connector->index: 1 connect_status: 1 dpms: 0
Sep 19 19:23:49.407919 cachyos-x8664 kernel: amdgpu 0000:c4:00.0: [drm:amdgpu_dm_atomic_commit_tail [amdgpu]] [HDCP_DM] connector->index: 1 connect_status: 1 dpms: 0
Sep 19 19:23:49.424071 cachyos-x8664 kernel: amdgpu 0000:c4:00.0: [drm:amdgpu_dm_atomic_commit_tail [amdgpu]] [HDCP_DM] connector->index: 1 connect_status: 1 dpms: 0
Sep 19 19:23:49.441081 cachyos-x8664 kernel: amdgpu 0000:c4:00.0: [drm:amdgpu_dm_atomic_commit_tail [amdgpu]] [HDCP_DM] connector->index: 1 connect_status: 1 dpms: 0
Sep 19 19:23:49.457734 cachyos-x8664 kernel: amdgpu 0000:c4:00.0: [drm:amdgpu_dm_atomic_commit_tail [amdgpu]] [HDCP_DM] connector->index: 1 connect_status: 1 dpms: 0
Sep 19 19:23:49.473945 cachyos-x8664 kernel: amdgpu 0000:c4:00.0: [drm:amdgpu_dm_atomic_commit_tail [amdgpu]] [HDCP_DM] connector->index: 1 connect_status: 1 dpms: 0
Sep 19 19:23:49.491124 cachyos-x8664 kernel: amdgpu 0000:c4:00.0: [drm:amdgpu_dm_atomic_commit_tail [amdgpu]] [HDCP_DM] connector->index: 1 connect_status: 1 dpms: 0
Sep 19 19:23:49.507768 cachyos-x8664 kernel: amdgpu 0000:c4:00.0: [drm:amdgpu_dm_atomic_commit_tail [amdgpu]] [HDCP_DM] connector->index: 1 connect_status: 1 dpms: 0
Sep 19 19:23:49.524053 cachyos-x8664 kernel: amdgpu 0000:c4:00.0: [drm:amdgpu_dm_atomic_commit_tail [amdgpu]] [HDCP_DM] connector->index: 1 connect_status: 1 dpms: 0
Sep 19 19:23:49.540754 cachyos-x8664 kernel: amdgpu 0000:c4:00.0: [drm:amdgpu_dm_atomic_commit_tail [amdgpu]] [HDCP_DM] connector->index: 1 connect_status: 1 dpms: 0
Sep 19 19:23:49.557726 cachyos-x8664 kernel: amdgpu 0000:c4:00.0: [drm:amdgpu_dm_atomic_commit_tail [amdgpu]] [HDCP_DM] connector->index: 1 connect_status: 1 dpms: 0
Sep 19 19:23:49.574051 cachyos-x8664 kernel: amdgpu 0000:c4:00.0: [drm:amdgpu_dm_atomic_commit_tail [amdgpu]] [HDCP_DM] connector->index: 1 connect_status: 1 dpms: 0
Sep 19 19:23:49.590851 cachyos-x8664 kernel: amdgpu 0000:c4:00.0: [drm:amdgpu_dm_atomic_commit_tail [amdgpu]] [HDCP_DM] connector->index: 1 connect_status: 1 dpms: 0
Sep 19 19:23:49.607862 cachyos-x8664 kernel: amdgpu 0000:c4:00.0: [drm:amdgpu_dm_atomic_commit_tail [amdgpu]] [HDCP_DM] connector->index: 1 connect_status: 1 dpms: 0
Sep 19 19:23:49.623971 cachyos-x8664 kernel: amdgpu 0000:c4:00.0: [drm:amdgpu_dm_atomic_commit_tail [amdgpu]] [HDCP_DM] connector->index: 1 connect_status: 1 dpms: 0
Sep 19 19:23:49.640815 cachyos-x8664 kernel: amdgpu 0000:c4:00.0: [drm:amdgpu_dm_atomic_commit_tail [amdgpu]] [HDCP_DM] connector->index: 1 connect_status: 1 dpms: 0
Sep 19 19:23:49.657756 cachyos-x8664 kernel: amdgpu 0000:c4:00.0: [drm:amdgpu_dm_atomic_commit_tail [amdgpu]] [HDCP_DM] connector->index: 1 connect_status: 1 dpms: 0
Sep 19 19:23:49.674100 cachyos-x8664 kernel: amdgpu 0000:c4:00.0: [drm:amdgpu_dm_atomic_commit_tail [amdgpu]] [HDCP_DM] connector->index: 1 connect_status: 1 dpms: 0
Sep 19 19:23:49.690831 cachyos-x8664 kernel: amdgpu 0000:c4:00.0: [drm:amdgpu_dm_atomic_commit_tail [amdgpu]] [HDCP_DM] connector->index: 1 connect_status: 1 dpms: 0
Sep 19 19:23:49.707787 cachyos-x8664 kernel: amdgpu 0000:c4:00.0: [drm:amdgpu_dm_atomic_commit_tail [amdgpu]] [HDCP_DM] connector->index: 1 connect_status: 1 dpms: 0
Sep 19 19:23:49.724012 cachyos-x8664 kernel: amdgpu 0000:c4:00.0: [drm:amdgpu_dm_atomic_commit_tail [amdgpu]] [HDCP_DM] connector->index: 1 connect_status: 1 dpms: 0
Sep 19 19:23:49.740795 cachyos-x8664 kernel: amdgpu 0000:c4:00.0: [drm:amdgpu_dm_atomic_commit_tail [amdgpu]] [HDCP_DM] connector->index: 1 connect_status: 1 dpms: 0
Sep 19 19:23:49.757771 cachyos-x8664 kernel: amdgpu 0000:c4:00.0: [drm:amdgpu_dm_atomic_commit_tail [amdgpu]] [HDCP_DM] connector->index: 1 connect_status: 1 dpms: 0
Sep 19 19:23:49.774039 cachyos-x8664 kernel: amdgpu 0000:c4:00.0: [drm:amdgpu_dm_atomic_commit_tail [amdgpu]] [HDCP_DM] connector->index: 1 connect_status: 1 dpms: 0
Sep 19 19:23:49.790946 cachyos-x8664 kernel: amdgpu 0000:c4:00.0: [drm:amdgpu_dm_atomic_commit_tail [amdgpu]] [HDCP_DM] connector->index: 1 connect_status: 1 dpms: 0
Sep 19 19:23:49.807775 cachyos-x8664 kernel: amdgpu 0000:c4:00.0: [drm:amdgpu_dm_atomic_commit_tail [amdgpu]] [HDCP_DM] connector->index: 1 connect_status: 1 dpms: 0
Sep 19 19:23:49.824077 cachyos-x8664 kernel: amdgpu 0000:c4:00.0: [drm:amdgpu_dm_atomic_commit_tail [amdgpu]] [HDCP_DM] connector->index: 1 connect_status: 1 dpms: 0
Sep 19 19:23:49.841123 cachyos-x8664 kernel: amdgpu 0000:c4:00.0: [drm:amdgpu_dm_atomic_commit_tail [amdgpu]] [HDCP_DM] connector->index: 1 connect_status: 1 dpms: 0
Sep 19 19:23:49.857756 cachyos-x8664 kernel: amdgpu 0000:c4:00.0: [drm:amdgpu_dm_atomic_commit_tail [amdgpu]] [HDCP_DM] connector->index: 1 connect_status: 1 dpms: 0
Sep 19 19:23:49.874029 cachyos-x8664 kernel: amdgpu 0000:c4:00.0: [drm:amdgpu_dm_atomic_commit_tail [amdgpu]] [HDCP_DM] connector->index: 1 connect_status: 1 dpms: 0
Sep 19 19:23:49.890829 cachyos-x8664 kernel: amdgpu 0000:c4:00.0: [drm:amdgpu_dm_atomic_commit_tail [amdgpu]] [HDCP_DM] connector->index: 1 connect_status: 1 dpms: 0
Sep 19 19:23:49.907877 cachyos-x8664 kernel: amdgpu 0000:c4:00.0: [drm:amdgpu_dm_atomic_commit_tail [amdgpu]] [HDCP_DM] connector->index: 1 connect_status: 1 dpms: 0
Sep 19 19:23:49.924191 cachyos-x8664 kernel: amdgpu 0000:c4:00.0: [drm:amdgpu_dm_atomic_commit_tail [amdgpu]] [HDCP_DM] connector->index: 1 connect_status: 1 dpms: 0
Sep 19 19:23:49.940888 cachyos-x8664 kernel: amdgpu 0000:c4:00.0: [drm:amdgpu_dm_atomic_commit_tail [amdgpu]] [HDCP_DM] connector->index: 1 connect_status: 1 dpms: 0
Sep 19 19:23:49.957794 cachyos-x8664 kernel: amdgpu 0000:c4:00.0: [drm:amdgpu_dm_atomic_commit_tail [amdgpu]] [HDCP_DM] connector->index: 1 connect_status: 1 dpms: 0
Sep 19 19:23:49.974178 cachyos-x8664 kernel: amdgpu 0000:c4:00.0: [drm:amdgpu_dm_atomic_commit_tail [amdgpu]] [HDCP_DM] connector->index: 1 connect_status: 1 dpms: 0
Sep 19 19:23:49.990930 cachyos-x8664 kernel: amdgpu 0000:c4:00.0: [drm:amdgpu_dm_atomic_commit_tail [amdgpu]] [HDCP_DM] connector->index: 1 connect_status: 1 dpms: 0
Sep 19 19:23:50.008158 cachyos-x8664 kernel: amdgpu 0000:c4:00.0: [drm:amdgpu_dm_atomic_commit_tail [amdgpu]] [HDCP_DM] connector->index: 1 connect_status: 1 dpms: 0
Sep 19 19:23:50.023910 cachyos-x8664 kernel: amdgpu 0000:c4:00.0: [drm:amdgpu_dm_atomic_commit_tail [amdgpu]] [HDCP_DM] connector->index: 1 connect_status: 1 dpms: 0
Sep 19 19:23:50.040806 cachyos-x8664 kernel: amdgpu 0000:c4:00.0: [drm:amdgpu_dm_atomic_commit_tail [amdgpu]] [HDCP_DM] connector->index: 1 connect_status: 1 dpms: 0
Sep 19 19:23:50.057778 cachyos-x8664 kernel: amdgpu 0000:c4:00.0: [drm:amdgpu_dm_atomic_commit_tail [amdgpu]] [HDCP_DM] connector->index: 1 connect_status: 1 dpms: 0
Sep 19 19:23:50.074101 cachyos-x8664 kernel: amdgpu 0000:c4:00.0: [drm:amdgpu_dm_atomic_commit_tail [amdgpu]] [HDCP_DM] connector->index: 1 connect_status: 1 dpms: 0
Sep 19 19:23:50.091228 cachyos-x8664 kernel: amdgpu 0000:c4:00.0: [drm:amdgpu_dm_atomic_commit_tail [amdgpu]] [HDCP_DM] connector->index: 1 connect_status: 1 dpms: 0
Sep 19 19:23:50.107941 cachyos-x8664 kernel: amdgpu 0000:c4:00.0: [drm:amdgpu_dm_atomic_commit_tail [amdgpu]] [HDCP_DM] connector->index: 1 connect_status: 1 dpms: 0
Sep 19 19:23:50.124212 cachyos-x8664 kernel: amdgpu 0000:c4:00.0: [drm:amdgpu_dm_atomic_commit_tail [amdgpu]] [HDCP_DM] connector->index: 1 connect_status: 1 dpms: 0
Sep 19 19:23:50.141037 cachyos-x8664 kernel: amdgpu 0000:c4:00.0: [drm:amdgpu_dm_atomic_commit_tail [amdgpu]] [HDCP_DM] connector->index: 1 connect_status: 1 dpms: 0
Sep 19 19:23:50.157979 cachyos-x8664 kernel: amdgpu 0000:c4:00.0: [drm:amdgpu_dm_atomic_commit_tail [amdgpu]] [HDCP_DM] connector->index: 1 connect_status: 1 dpms: 0
Sep 19 19:23:50.174051 cachyos-x8664 kernel: amdgpu 0000:c4:00.0: [drm:amdgpu_dm_atomic_commit_tail [amdgpu]] [HDCP_DM] connector->index: 1 connect_status: 1 dpms: 0
Sep 19 19:23:50.191013 cachyos-x8664 kernel: amdgpu 0000:c4:00.0: [drm:amdgpu_dm_atomic_commit_tail [amdgpu]] [HDCP_DM] connector->index: 1 connect_status: 1 dpms: 0
Sep 19 19:23:50.207988 cachyos-x8664 kernel: amdgpu 0000:c4:00.0: [drm:amdgpu_dm_atomic_commit_tail [amdgpu]] [HDCP_DM] connector->index: 1 connect_status: 1 dpms: 0
Sep 19 19:23:50.224131 cachyos-x8664 kernel: amdgpu 0000:c4:00.0: [drm:amdgpu_dm_atomic_commit_tail [amdgpu]] [HDCP_DM] connector->index: 1 connect_status: 1 dpms: 0
Sep 19 19:23:50.241102 cachyos-x8664 kernel: amdgpu 0000:c4:00.0: [drm:amdgpu_dm_atomic_commit_tail [amdgpu]] [HDCP_DM] connector->index: 1 connect_status: 1 dpms: 0
Sep 19 19:23:50.257769 cachyos-x8664 kernel: amdgpu 0000:c4:00.0: [drm:amdgpu_dm_atomic_commit_tail [amdgpu]] [HDCP_DM] connector->index: 1 connect_status: 1 dpms: 0
Sep 19 19:23:50.273856 cachyos-x8664 kernel: amdgpu 0000:c4:00.0: [drm:amdgpu_dm_atomic_commit_tail [amdgpu]] [HDCP_DM] connector->index: 1 connect_status: 1 dpms: 0
Sep 19 19:23:50.290907 cachyos-x8664 kernel: amdgpu 0000:c4:00.0: [drm:amdgpu_dm_atomic_commit_tail [amdgpu]] [HDCP_DM] connector->index: 1 connect_status: 1 dpms: 0
Sep 19 19:23:50.307853 cachyos-x8664 kernel: amdgpu 0000:c4:00.0: [drm:amdgpu_dm_atomic_commit_tail [amdgpu]] [HDCP_DM] connector->index: 1 connect_status: 1 dpms: 0
Sep 19 19:23:50.324103 cachyos-x8664 kernel: amdgpu 0000:c4:00.0: [drm:amdgpu_dm_atomic_commit_tail [amdgpu]] [HDCP_DM] connector->index: 1 connect_status: 1 dpms: 0
Sep 19 19:23:50.340984 cachyos-x8664 kernel: amdgpu 0000:c4:00.0: [drm:amdgpu_dm_atomic_commit_tail [amdgpu]] [HDCP_DM] connector->index: 1 connect_status: 1 dpms: 0
Sep 19 19:23:50.357787 cachyos-x8664 kernel: amdgpu 0000:c4:00.0: [drm:amdgpu_dm_atomic_commit_tail [amdgpu]] [HDCP_DM] connector->index: 1 connect_status: 1 dpms: 0
Sep 19 19:23:50.374012 cachyos-x8664 kernel: amdgpu 0000:c4:00.0: [drm:amdgpu_dm_atomic_commit_tail [amdgpu]] [HDCP_DM] connector->index: 1 connect_status: 1 dpms: 0
Sep 19 19:23:50.390938 cachyos-x8664 kernel: amdgpu 0000:c4:00.0: [drm:amdgpu_dm_atomic_commit_tail [amdgpu]] [HDCP_DM] connector->index: 1 connect_status: 1 dpms: 0
Sep 19 19:23:50.407112 cachyos-x8664 kernel: amdgpu 0000:c4:00.0: [drm:amdgpu_dm_atomic_commit_tail [amdgpu]] [HDCP_DM] connector->index: 1 connect_status: 1 dpms: 0
Sep 19 19:23:50.424043 cachyos-x8664 kernel: amdgpu 0000:c4:00.0: [drm:amdgpu_dm_atomic_commit_tail [amdgpu]] [HDCP_DM] connector->index: 1 connect_status: 1 dpms: 0
Sep 19 19:23:50.440823 cachyos-x8664 kernel: amdgpu 0000:c4:00.0: [drm:amdgpu_dm_atomic_commit_tail [amdgpu]] [HDCP_DM] connector->index: 1 connect_status: 1 dpms: 0
Sep 19 19:23:50.457792 cachyos-x8664 kernel: amdgpu 0000:c4:00.0: [drm:amdgpu_dm_atomic_commit_tail [amdgpu]] [HDCP_DM] connector->index: 1 connect_status: 1 dpms: 0
Sep 19 19:23:50.474139 cachyos-x8664 kernel: amdgpu 0000:c4:00.0: [drm:amdgpu_dm_atomic_commit_tail [amdgpu]] [HDCP_DM] connector->index: 1 connect_status: 1 dpms: 0
Sep 19 19:23:50.491011 cachyos-x8664 kernel: amdgpu 0000:c4:00.0: [drm:amdgpu_dm_atomic_commit_tail [amdgpu]] [HDCP_DM] connector->index: 1 connect_status: 1 dpms: 0
Sep 19 19:23:50.507774 cachyos-x8664 kernel: amdgpu 0000:c4:00.0: [drm:amdgpu_dm_atomic_commit_tail [amdgpu]] [HDCP_DM] connector->index: 1 connect_status: 1 dpms: 0
Sep 19 19:23:50.524171 cachyos-x8664 kernel: amdgpu 0000:c4:00.0: [drm:amdgpu_dm_atomic_commit_tail [amdgpu]] [HDCP_DM] connector->index: 1 connect_status: 1 dpms: 0
Sep 19 19:23:50.540966 cachyos-x8664 kernel: amdgpu 0000:c4:00.0: [drm:amdgpu_dm_atomic_commit_tail [amdgpu]] [HDCP_DM] connector->index: 1 connect_status: 1 dpms: 0
Sep 19 19:23:50.557786 cachyos-x8664 kernel: amdgpu 0000:c4:00.0: [drm:amdgpu_dm_atomic_commit_tail [amdgpu]] [HDCP_DM] connector->index: 1 connect_status: 1 dpms: 0
Sep 19 19:23:50.574035 cachyos-x8664 kernel: amdgpu 0000:c4:00.0: [drm:amdgpu_dm_atomic_commit_tail [amdgpu]] [HDCP_DM] connector->index: 1 connect_status: 1 dpms: 0
Sep 19 19:23:50.590997 cachyos-x8664 kernel: amdgpu 0000:c4:00.0: [drm:amdgpu_dm_atomic_commit_tail [amdgpu]] [HDCP_DM] connector->index: 1 connect_status: 1 dpms: 0
Sep 19 19:23:50.607940 cachyos-x8664 kernel: amdgpu 0000:c4:00.0: [drm:amdgpu_dm_atomic_commit_tail [amdgpu]] [HDCP_DM] connector->index: 1 connect_status: 1 dpms: 0
Sep 19 19:23:50.624230 cachyos-x8664 kernel: amdgpu 0000:c4:00.0: [drm:amdgpu_dm_atomic_commit_tail [amdgpu]] [HDCP_DM] connector->index: 1 connect_status: 1 dpms: 0
Sep 19 19:23:50.640964 cachyos-x8664 kernel: amdgpu 0000:c4:00.0: [drm:amdgpu_dm_atomic_commit_tail [amdgpu]] [HDCP_DM] connector->index: 1 connect_status: 1 dpms: 0
Sep 19 19:23:50.656873 cachyos-x8664 kernel: amdgpu 0000:c4:00.0: [drm:amdgpu_dm_atomic_commit_tail [amdgpu]] [HDCP_DM] connector->index: 1 connect_status: 1 dpms: 0
Sep 19 19:23:50.674114 cachyos-x8664 kernel: amdgpu 0000:c4:00.0: [drm:amdgpu_dm_atomic_commit_tail [amdgpu]] [HDCP_DM] connector->index: 1 connect_status: 1 dpms: 0
Sep 19 19:23:50.690879 cachyos-x8664 kernel: amdgpu 0000:c4:00.0: [drm:amdgpu_dm_atomic_commit_tail [amdgpu]] [HDCP_DM] connector->index: 1 connect_status: 1 dpms: 0
Sep 19 19:23:50.708046 cachyos-x8664 kernel: amdgpu 0000:c4:00.0: [drm:amdgpu_dm_atomic_commit_tail [amdgpu]] [HDCP_DM] connector->index: 1 connect_status: 1 dpms: 0
Sep 19 19:23:50.724000 cachyos-x8664 kernel: amdgpu 0000:c4:00.0: [drm:amdgpu_dm_atomic_commit_tail [amdgpu]] [HDCP_DM] connector->index: 1 connect_status: 1 dpms: 0
Sep 19 19:23:50.741019 cachyos-x8664 kernel: amdgpu 0000:c4:00.0: [drm:amdgpu_dm_atomic_commit_tail [amdgpu]] [HDCP_DM] connector->index: 1 connect_status: 1 dpms: 0
Sep 19 19:23:50.756915 cachyos-x8664 kernel: amdgpu 0000:c4:00.0: [drm:amdgpu_dm_atomic_commit_tail [amdgpu]] [HDCP_DM] connector->index: 1 connect_status: 1 dpms: 0
Sep 19 19:23:50.773817 cachyos-x8664 kernel: amdgpu 0000:c4:00.0: [drm:amdgpu_dm_atomic_commit_tail [amdgpu]] [HDCP_DM] connector->index: 1 connect_status: 1 dpms: 0
Sep 19 19:23:50.791019 cachyos-x8664 kernel: amdgpu 0000:c4:00.0: [drm:amdgpu_dm_atomic_commit_tail [amdgpu]] [HDCP_DM] connector->index: 1 connect_status: 1 dpms: 0
Sep 19 19:23:50.807908 cachyos-x8664 kernel: amdgpu 0000:c4:00.0: [drm:amdgpu_dm_atomic_commit_tail [amdgpu]] [HDCP_DM] connector->index: 1 connect_status: 1 dpms: 0
Sep 19 19:23:50.824007 cachyos-x8664 kernel: amdgpu 0000:c4:00.0: [drm:amdgpu_dm_atomic_commit_tail [amdgpu]] [HDCP_DM] connector->index: 1 connect_status: 1 dpms: 0
Sep 19 19:23:50.841429 cachyos-x8664 kernel: amdgpu 0000:c4:00.0: [drm:amdgpu_dm_atomic_commit_tail [amdgpu]] [HDCP_DM] connector->index: 1 connect_status: 1 dpms: 0
Sep 19 19:23:50.856998 cachyos-x8664 kernel: amdgpu 0000:c4:00.0: [drm:amdgpu_dm_atomic_commit_tail [amdgpu]] [HDCP_DM] connector->index: 1 connect_status: 1 dpms: 0
Sep 19 19:23:50.874031 cachyos-x8664 kernel: amdgpu 0000:c4:00.0: [drm:amdgpu_dm_atomic_commit_tail [amdgpu]] [HDCP_DM] connector->index: 1 connect_status: 1 dpms: 0
Sep 19 19:23:50.890965 cachyos-x8664 kernel: amdgpu 0000:c4:00.0: [drm:amdgpu_dm_atomic_commit_tail [amdgpu]] [HDCP_DM] connector->index: 1 connect_status: 1 dpms: 0
Sep 19 19:23:50.907990 cachyos-x8664 kernel: amdgpu 0000:c4:00.0: [drm:amdgpu_dm_atomic_commit_tail [amdgpu]] [HDCP_DM] connector->index: 1 connect_status: 1 dpms: 0
Sep 19 19:23:50.923964 cachyos-x8664 kernel: amdgpu 0000:c4:00.0: [drm:amdgpu_dm_atomic_commit_tail [amdgpu]] [HDCP_DM] connector->index: 1 connect_status: 1 dpms: 0
Sep 19 19:23:50.940861 cachyos-x8664 kernel: amdgpu 0000:c4:00.0: [drm:amdgpu_dm_atomic_commit_tail [amdgpu]] [HDCP_DM] connector->index: 1 connect_status: 1 dpms: 0
Sep 19 19:23:50.957776 cachyos-x8664 kernel: amdgpu 0000:c4:00.0: [drm:amdgpu_dm_atomic_commit_tail [amdgpu]] [HDCP_DM] connector->index: 1 connect_status: 1 dpms: 0
Sep 19 19:23:50.974225 cachyos-x8664 kernel: amdgpu 0000:c4:00.0: [drm:amdgpu_dm_atomic_commit_tail [amdgpu]] [HDCP_DM] connector->index: 1 connect_status: 1 dpms: 0
Sep 19 19:23:50.991016 cachyos-x8664 kernel: amdgpu 0000:c4:00.0: [drm:amdgpu_dm_atomic_commit_tail [amdgpu]] [HDCP_DM] connector->index: 1 connect_status: 1 dpms: 0
Sep 19 19:23:51.008151 cachyos-x8664 kernel: amdgpu 0000:c4:00.0: [drm:amdgpu_dm_atomic_commit_tail [amdgpu]] [HDCP_DM] connector->index: 1 connect_status: 1 dpms: 0
Sep 19 19:23:51.024023 cachyos-x8664 kernel: amdgpu 0000:c4:00.0: [drm:amdgpu_dm_atomic_commit_tail [amdgpu]] [HDCP_DM] connector->index: 1 connect_status: 1 dpms: 0
Sep 19 19:23:51.040945 cachyos-x8664 kernel: amdgpu 0000:c4:00.0: [drm:amdgpu_dm_atomic_commit_tail [amdgpu]] [HDCP_DM] connector->index: 1 connect_status: 1 dpms: 0
Sep 19 19:23:51.057784 cachyos-x8664 kernel: amdgpu 0000:c4:00.0: [drm:amdgpu_dm_atomic_commit_tail [amdgpu]] [HDCP_DM] connector->index: 1 connect_status: 1 dpms: 0
Sep 19 19:23:51.073905 cachyos-x8664 kernel: amdgpu 0000:c4:00.0: [drm:amdgpu_dm_atomic_commit_tail [amdgpu]] [HDCP_DM] connector->index: 1 connect_status: 1 dpms: 0
Sep 19 19:23:51.090756 cachyos-x8664 kernel: amdgpu 0000:c4:00.0: [drm:amdgpu_dm_atomic_commit_tail [amdgpu]] [HDCP_DM] connector->index: 1 connect_status: 1 dpms: 0
Sep 19 19:23:51.107949 cachyos-x8664 kernel: amdgpu 0000:c4:00.0: [drm:amdgpu_dm_atomic_commit_tail [amdgpu]] [HDCP_DM] connector->index: 1 connect_status: 1 dpms: 0
Sep 19 19:23:51.123941 cachyos-x8664 kernel: amdgpu 0000:c4:00.0: [drm:amdgpu_dm_atomic_commit_tail [amdgpu]] [HDCP_DM] connector->index: 1 connect_status: 1 dpms: 0
Sep 19 19:23:51.140895 cachyos-x8664 kernel: amdgpu 0000:c4:00.0: [drm:amdgpu_dm_atomic_commit_tail [amdgpu]] [HDCP_DM] connector->index: 1 connect_status: 1 dpms: 0
Sep 19 19:23:51.156970 cachyos-x8664 kernel: amdgpu 0000:c4:00.0: [drm:amdgpu_dm_atomic_commit_tail [amdgpu]] [HDCP_DM] connector->index: 1 connect_status: 1 dpms: 0
Sep 19 19:23:51.173783 cachyos-x8664 kernel: amdgpu 0000:c4:00.0: [drm:amdgpu_dm_atomic_commit_tail [amdgpu]] [HDCP_DM] connector->index: 1 connect_status: 1 dpms: 0
Sep 19 19:23:51.190926 cachyos-x8664 kernel: amdgpu 0000:c4:00.0: [drm:amdgpu_dm_atomic_commit_tail [amdgpu]] [HDCP_DM] connector->index: 1 connect_status: 1 dpms: 0
Sep 19 19:23:51.207835 cachyos-x8664 kernel: amdgpu 0000:c4:00.0: [drm:amdgpu_dm_atomic_commit_tail [amdgpu]] [HDCP_DM] connector->index: 1 connect_status: 1 dpms: 0
Sep 19 19:23:51.223929 cachyos-x8664 kernel: amdgpu 0000:c4:00.0: [drm:amdgpu_dm_atomic_commit_tail [amdgpu]] [HDCP_DM] connector->index: 1 connect_status: 1 dpms: 0
Sep 19 19:23:51.240836 cachyos-x8664 kernel: amdgpu 0000:c4:00.0: [drm:amdgpu_dm_atomic_commit_tail [amdgpu]] [HDCP_DM] connector->index: 1 connect_status: 1 dpms: 0
Sep 19 19:23:51.256961 cachyos-x8664 kernel: amdgpu 0000:c4:00.0: [drm:amdgpu_dm_atomic_commit_tail [amdgpu]] [HDCP_DM] connector->index: 1 connect_status: 1 dpms: 0
Sep 19 19:23:51.273980 cachyos-x8664 kernel: amdgpu 0000:c4:00.0: [drm:amdgpu_dm_atomic_commit_tail [amdgpu]] [HDCP_DM] connector->index: 1 connect_status: 1 dpms: 0
Sep 19 19:23:51.290968 cachyos-x8664 kernel: amdgpu 0000:c4:00.0: [drm:amdgpu_dm_atomic_commit_tail [amdgpu]] [HDCP_DM] connector->index: 1 connect_status: 1 dpms: 0
Sep 19 19:23:51.307888 cachyos-x8664 kernel: amdgpu 0000:c4:00.0: [drm:amdgpu_dm_atomic_commit_tail [amdgpu]] [HDCP_DM] connector->index: 1 connect_status: 1 dpms: 0
Sep 19 19:23:51.323785 cachyos-x8664 kernel: amdgpu 0000:c4:00.0: [drm:amdgpu_dm_atomic_commit_tail [amdgpu]] [HDCP_DM] connector->index: 1 connect_status: 1 dpms: 0
Sep 19 19:23:51.340851 cachyos-x8664 kernel: amdgpu 0000:c4:00.0: [drm:amdgpu_dm_atomic_commit_tail [amdgpu]] [HDCP_DM] connector->index: 1 connect_status: 1 dpms: 0
Sep 19 19:23:51.357054 cachyos-x8664 kernel: amdgpu 0000:c4:00.0: [drm:amdgpu_dm_atomic_commit_tail [amdgpu]] [HDCP_DM] connector->index: 1 connect_status: 1 dpms: 0
Sep 19 19:23:51.373880 cachyos-x8664 kernel: amdgpu 0000:c4:00.0: [drm:amdgpu_dm_atomic_commit_tail [amdgpu]] [HDCP_DM] connector->index: 1 connect_status: 1 dpms: 0
Sep 19 19:23:51.391055 cachyos-x8664 kernel: amdgpu 0000:c4:00.0: [drm:amdgpu_dm_atomic_commit_tail [amdgpu]] [HDCP_DM] connector->index: 1 connect_status: 1 dpms: 0
Sep 19 19:23:51.407795 cachyos-x8664 kernel: amdgpu 0000:c4:00.0: [drm:amdgpu_dm_atomic_commit_tail [amdgpu]] [HDCP_DM] connector->index: 1 connect_status: 1 dpms: 0
Sep 19 19:23:51.424063 cachyos-x8664 kernel: amdgpu 0000:c4:00.0: [drm:amdgpu_dm_atomic_commit_tail [amdgpu]] [HDCP_DM] connector->index: 1 connect_status: 1 dpms: 0
Sep 19 19:23:51.441127 cachyos-x8664 kernel: amdgpu 0000:c4:00.0: [drm:amdgpu_dm_atomic_commit_tail [amdgpu]] [HDCP_DM] connector->index: 1 connect_status: 1 dpms: 0
Sep 19 19:23:51.457787 cachyos-x8664 kernel: amdgpu 0000:c4:00.0: [drm:amdgpu_dm_atomic_commit_tail [amdgpu]] [HDCP_DM] connector->index: 1 connect_status: 1 dpms: 0
Sep 19 19:23:51.474069 cachyos-x8664 kernel: amdgpu 0000:c4:00.0: [drm:amdgpu_dm_atomic_commit_tail [amdgpu]] [HDCP_DM] connector->index: 1 connect_status: 1 dpms: 0
Sep 19 19:23:51.490910 cachyos-x8664 kernel: amdgpu 0000:c4:00.0: [drm:amdgpu_dm_atomic_commit_tail [amdgpu]] [HDCP_DM] connector->index: 1 connect_status: 1 dpms: 0
Sep 19 19:23:51.508007 cachyos-x8664 kernel: amdgpu 0000:c4:00.0: [drm:amdgpu_dm_atomic_commit_tail [amdgpu]] [HDCP_DM] connector->index: 1 connect_status: 1 dpms: 0
Sep 19 19:23:51.523938 cachyos-x8664 kernel: amdgpu 0000:c4:00.0: [drm:amdgpu_dm_atomic_commit_tail [amdgpu]] [HDCP_DM] connector->index: 1 connect_status: 1 dpms: 0
Sep 19 19:23:51.541135 cachyos-x8664 kernel: amdgpu 0000:c4:00.0: [drm:amdgpu_dm_atomic_commit_tail [amdgpu]] [HDCP_DM] connector->index: 1 connect_status: 1 dpms: 0
Sep 19 19:23:51.557909 cachyos-x8664 kernel: amdgpu 0000:c4:00.0: [drm:amdgpu_dm_atomic_commit_tail [amdgpu]] [HDCP_DM] connector->index: 1 connect_status: 1 dpms: 0
Sep 19 19:23:51.573969 cachyos-x8664 kernel: amdgpu 0000:c4:00.0: [drm:amdgpu_dm_atomic_commit_tail [amdgpu]] [HDCP_DM] connector->index: 1 connect_status: 1 dpms: 0
Sep 19 19:23:51.590860 cachyos-x8664 kernel: amdgpu 0000:c4:00.0: [drm:amdgpu_dm_atomic_commit_tail [amdgpu]] [HDCP_DM] connector->index: 1 connect_status: 1 dpms: 0
Sep 19 19:23:51.607787 cachyos-x8664 kernel: amdgpu 0000:c4:00.0: [drm:amdgpu_dm_atomic_commit_tail [amdgpu]] [HDCP_DM] connector->index: 1 connect_status: 1 dpms: 0
Sep 19 19:23:51.624078 cachyos-x8664 kernel: amdgpu 0000:c4:00.0: [drm:amdgpu_dm_atomic_commit_tail [amdgpu]] [HDCP_DM] connector->index: 1 connect_status: 1 dpms: 0
Sep 19 19:23:51.641029 cachyos-x8664 kernel: amdgpu 0000:c4:00.0: [drm:amdgpu_dm_atomic_commit_tail [amdgpu]] [HDCP_DM] connector->index: 1 connect_status: 1 dpms: 0
Sep 19 19:23:51.657783 cachyos-x8664 kernel: amdgpu 0000:c4:00.0: [drm:amdgpu_dm_atomic_commit_tail [amdgpu]] [HDCP_DM] connector->index: 1 connect_status: 1 dpms: 0
Sep 19 19:23:51.674039 cachyos-x8664 kernel: amdgpu 0000:c4:00.0: [drm:amdgpu_dm_atomic_commit_tail [amdgpu]] [HDCP_DM] connector->index: 1 connect_status: 1 dpms: 0
Sep 19 19:23:51.690902 cachyos-x8664 kernel: amdgpu 0000:c4:00.0: [drm:amdgpu_dm_atomic_commit_tail [amdgpu]] [HDCP_DM] connector->index: 1 connect_status: 1 dpms: 0
Sep 19 19:23:51.707907 cachyos-x8664 kernel: amdgpu 0000:c4:00.0: [drm:amdgpu_dm_atomic_commit_tail [amdgpu]] [HDCP_DM] connector->index: 1 connect_status: 1 dpms: 0
Sep 19 19:23:51.724134 cachyos-x8664 kernel: amdgpu 0000:c4:00.0: [drm:amdgpu_dm_atomic_commit_tail [amdgpu]] [HDCP_DM] connector->index: 1 connect_status: 1 dpms: 0
Sep 19 19:23:51.740935 cachyos-x8664 kernel: amdgpu 0000:c4:00.0: [drm:amdgpu_dm_atomic_commit_tail [amdgpu]] [HDCP_DM] connector->index: 1 connect_status: 1 dpms: 0
Sep 19 19:23:51.756992 cachyos-x8664 kernel: amdgpu 0000:c4:00.0: [drm:amdgpu_dm_atomic_commit_tail [amdgpu]] [HDCP_DM] connector->index: 1 connect_status: 1 dpms: 0
Sep 19 19:23:51.773883 cachyos-x8664 kernel: amdgpu 0000:c4:00.0: [drm:amdgpu_dm_atomic_commit_tail [amdgpu]] [HDCP_DM] connector->index: 1 connect_status: 1 dpms: 0
Sep 19 19:23:51.790965 cachyos-x8664 kernel: amdgpu 0000:c4:00.0: [drm:amdgpu_dm_atomic_commit_tail [amdgpu]] [HDCP_DM] connector->index: 1 connect_status: 1 dpms: 0
Sep 19 19:23:51.806837 cachyos-x8664 kernel: amdgpu 0000:c4:00.0: [drm:amdgpu_dm_atomic_commit_tail [amdgpu]] [HDCP_DM] connector->index: 1 connect_status: 1 dpms: 0
Sep 19 19:23:51.823924 cachyos-x8664 kernel: amdgpu 0000:c4:00.0: [drm:amdgpu_dm_atomic_commit_tail [amdgpu]] [HDCP_DM] connector->index: 1 connect_status: 1 dpms: 0
Sep 19 19:23:51.841004 cachyos-x8664 kernel: amdgpu 0000:c4:00.0: [drm:amdgpu_dm_atomic_commit_tail [amdgpu]] [HDCP_DM] connector->index: 1 connect_status: 1 dpms: 0
Sep 19 19:23:51.856815 cachyos-x8664 kernel: amdgpu 0000:c4:00.0: [drm:amdgpu_dm_atomic_commit_tail [amdgpu]] [HDCP_DM] connector->index: 1 connect_status: 1 dpms: 0
Sep 19 19:23:51.874028 cachyos-x8664 kernel: amdgpu 0000:c4:00.0: [drm:amdgpu_dm_atomic_commit_tail [amdgpu]] [HDCP_DM] connector->index: 1 connect_status: 1 dpms: 0
Sep 19 19:23:51.890966 cachyos-x8664 kernel: amdgpu 0000:c4:00.0: [drm:amdgpu_dm_atomic_commit_tail [amdgpu]] [HDCP_DM] connector->index: 1 connect_status: 1 dpms: 0
Sep 19 19:23:51.907041 cachyos-x8664 kernel: amdgpu 0000:c4:00.0: [drm:amdgpu_dm_atomic_commit_tail [amdgpu]] [HDCP_DM] connector->index: 1 connect_status: 1 dpms: 0
Sep 19 19:23:51.923994 cachyos-x8664 kernel: amdgpu 0000:c4:00.0: [drm:amdgpu_dm_atomic_commit_tail [amdgpu]] [HDCP_DM] connector->index: 1 connect_status: 1 dpms: 0
Sep 19 19:23:51.940948 cachyos-x8664 kernel: amdgpu 0000:c4:00.0: [drm:amdgpu_dm_atomic_commit_tail [amdgpu]] [HDCP_DM] connector->index: 1 connect_status: 1 dpms: 0
Sep 19 19:23:51.956973 cachyos-x8664 kernel: amdgpu 0000:c4:00.0: [drm:amdgpu_dm_atomic_commit_tail [amdgpu]] [HDCP_DM] connector->index: 1 connect_status: 1 dpms: 0
Sep 19 19:23:51.973916 cachyos-x8664 kernel: amdgpu 0000:c4:00.0: [drm:amdgpu_dm_atomic_commit_tail [amdgpu]] [HDCP_DM] connector->index: 1 connect_status: 1 dpms: 0
Sep 19 19:23:51.990856 cachyos-x8664 kernel: amdgpu 0000:c4:00.0: [drm:amdgpu_dm_atomic_commit_tail [amdgpu]] [HDCP_DM] connector->index: 1 connect_status: 1 dpms: 0
Sep 19 19:23:52.007861 cachyos-x8664 kernel: amdgpu 0000:c4:00.0: [drm:amdgpu_dm_atomic_commit_tail [amdgpu]] [HDCP_DM] connector->index: 1 connect_status: 1 dpms: 0
Sep 19 19:23:52.023914 cachyos-x8664 kernel: amdgpu 0000:c4:00.0: [drm:amdgpu_dm_atomic_commit_tail [amdgpu]] [HDCP_DM] connector->index: 1 connect_status: 1 dpms: 0
Sep 19 19:23:52.040852 cachyos-x8664 kernel: amdgpu 0000:c4:00.0: [drm:amdgpu_dm_atomic_commit_tail [amdgpu]] [HDCP_DM] connector->index: 1 connect_status: 1 dpms: 0
Sep 19 19:23:52.056920 cachyos-x8664 kernel: amdgpu 0000:c4:00.0: [drm:amdgpu_dm_atomic_commit_tail [amdgpu]] [HDCP_DM] connector->index: 1 connect_status: 1 dpms: 0
Sep 19 19:23:52.073901 cachyos-x8664 kernel: amdgpu 0000:c4:00.0: [drm:amdgpu_dm_atomic_commit_tail [amdgpu]] [HDCP_DM] connector->index: 1 connect_status: 1 dpms: 0
Sep 19 19:23:52.090847 cachyos-x8664 kernel: amdgpu 0000:c4:00.0: [drm:amdgpu_dm_atomic_commit_tail [amdgpu]] [HDCP_DM] connector->index: 1 connect_status: 1 dpms: 0
Sep 19 19:23:52.107857 cachyos-x8664 kernel: amdgpu 0000:c4:00.0: [drm:amdgpu_dm_atomic_commit_tail [amdgpu]] [HDCP_DM] connector->index: 1 connect_status: 1 dpms: 0
Sep 19 19:23:52.123876 cachyos-x8664 kernel: amdgpu 0000:c4:00.0: [drm:amdgpu_dm_atomic_commit_tail [amdgpu]] [HDCP_DM] connector->index: 1 connect_status: 1 dpms: 0
Sep 19 19:23:52.140886 cachyos-x8664 kernel: amdgpu 0000:c4:00.0: [drm:amdgpu_dm_atomic_commit_tail [amdgpu]] [HDCP_DM] connector->index: 1 connect_status: 1 dpms: 0
Sep 19 19:23:52.156876 cachyos-x8664 kernel: amdgpu 0000:c4:00.0: [drm:amdgpu_dm_atomic_commit_tail [amdgpu]] [HDCP_DM] connector->index: 1 connect_status: 1 dpms: 0
Sep 19 19:23:52.173908 cachyos-x8664 kernel: amdgpu 0000:c4:00.0: [drm:amdgpu_dm_atomic_commit_tail [amdgpu]] [HDCP_DM] connector->index: 1 connect_status: 1 dpms: 0
Sep 19 19:23:52.190897 cachyos-x8664 kernel: amdgpu 0000:c4:00.0: [drm:amdgpu_dm_atomic_commit_tail [amdgpu]] [HDCP_DM] connector->index: 1 connect_status: 1 dpms: 0
Sep 19 19:23:52.206930 cachyos-x8664 kernel: amdgpu 0000:c4:00.0: [drm:amdgpu_dm_atomic_commit_tail [amdgpu]] [HDCP_DM] connector->index: 1 connect_status: 1 dpms: 0
Sep 19 19:23:52.224001 cachyos-x8664 kernel: amdgpu 0000:c4:00.0: [drm:amdgpu_dm_atomic_commit_tail [amdgpu]] [HDCP_DM] connector->index: 1 connect_status: 1 dpms: 0
Sep 19 19:23:52.240850 cachyos-x8664 kernel: amdgpu 0000:c4:00.0: [drm:amdgpu_dm_atomic_commit_tail [amdgpu]] [HDCP_DM] connector->index: 1 connect_status: 1 dpms: 0
Sep 19 19:23:52.256901 cachyos-x8664 kernel: amdgpu 0000:c4:00.0: [drm:amdgpu_dm_atomic_commit_tail [amdgpu]] [HDCP_DM] connector->index: 1 connect_status: 1 dpms: 0
Sep 19 19:23:52.273984 cachyos-x8664 kernel: amdgpu 0000:c4:00.0: [drm:amdgpu_dm_atomic_commit_tail [amdgpu]] [HDCP_DM] connector->index: 1 connect_status: 1 dpms: 0
Sep 19 19:23:52.290880 cachyos-x8664 kernel: amdgpu 0000:c4:00.0: [drm:amdgpu_dm_atomic_commit_tail [amdgpu]] [HDCP_DM] connector->index: 1 connect_status: 1 dpms: 0
Sep 19 19:23:52.307913 cachyos-x8664 kernel: amdgpu 0000:c4:00.0: [drm:amdgpu_dm_atomic_commit_tail [amdgpu]] [HDCP_DM] connector->index: 1 connect_status: 1 dpms: 0
Sep 19 19:23:52.324022 cachyos-x8664 kernel: amdgpu 0000:c4:00.0: [drm:amdgpu_dm_atomic_commit_tail [amdgpu]] [HDCP_DM] connector->index: 1 connect_status: 1 dpms: 0
Sep 19 19:23:52.340981 cachyos-x8664 kernel: amdgpu 0000:c4:00.0: [drm:amdgpu_dm_atomic_commit_tail [amdgpu]] [HDCP_DM] connector->index: 1 connect_status: 1 dpms: 0
Sep 19 19:23:52.356895 cachyos-x8664 kernel: amdgpu 0000:c4:00.0: [drm:amdgpu_dm_atomic_commit_tail [amdgpu]] [HDCP_DM] connector->index: 1 connect_status: 1 dpms: 0
Sep 19 19:23:52.373964 cachyos-x8664 kernel: amdgpu 0000:c4:00.0: [drm:amdgpu_dm_atomic_commit_tail [amdgpu]] [HDCP_DM] connector->index: 1 connect_status: 1 dpms: 0
Sep 19 19:23:52.390843 cachyos-x8664 kernel: amdgpu 0000:c4:00.0: [drm:amdgpu_dm_atomic_commit_tail [amdgpu]] [HDCP_DM] connector->index: 1 connect_status: 1 dpms: 0
Sep 19 19:23:52.407789 cachyos-x8664 kernel: amdgpu 0000:c4:00.0: [drm:amdgpu_dm_atomic_commit_tail [amdgpu]] [HDCP_DM] connector->index: 1 connect_status: 1 dpms: 0
Sep 19 19:23:52.424080 cachyos-x8664 kernel: amdgpu 0000:c4:00.0: [drm:amdgpu_dm_atomic_commit_tail [amdgpu]] [HDCP_DM] connector->index: 1 connect_status: 1 dpms: 0
Sep 19 19:23:52.441108 cachyos-x8664 kernel: amdgpu 0000:c4:00.0: [drm:amdgpu_dm_atomic_commit_tail [amdgpu]] [HDCP_DM] connector->index: 1 connect_status: 1 dpms: 0
Sep 19 19:23:52.457862 cachyos-x8664 kernel: amdgpu 0000:c4:00.0: [drm:amdgpu_dm_atomic_commit_tail [amdgpu]] [HDCP_DM] connector->index: 1 connect_status: 1 dpms: 0
Sep 19 19:23:52.473884 cachyos-x8664 kernel: amdgpu 0000:c4:00.0: [drm:amdgpu_dm_atomic_commit_tail [amdgpu]] [HDCP_DM] connector->index: 1 connect_status: 1 dpms: 0
Sep 19 19:23:52.490810 cachyos-x8664 kernel: amdgpu 0000:c4:00.0: [drm:amdgpu_dm_atomic_commit_tail [amdgpu]] [HDCP_DM] connector->index: 1 connect_status: 1 dpms: 0
Sep 19 19:23:52.507842 cachyos-x8664 kernel: amdgpu 0000:c4:00.0: [drm:amdgpu_dm_atomic_commit_tail [amdgpu]] [HDCP_DM] connector->index: 1 connect_status: 1 dpms: 0
Sep 19 19:23:52.523956 cachyos-x8664 kernel: amdgpu 0000:c4:00.0: [drm:amdgpu_dm_atomic_commit_tail [amdgpu]] [HDCP_DM] connector->index: 1 connect_status: 1 dpms: 0
Sep 19 19:23:52.540920 cachyos-x8664 kernel: amdgpu 0000:c4:00.0: [drm:amdgpu_dm_atomic_commit_tail [amdgpu]] [HDCP_DM] connector->index: 1 connect_status: 1 dpms: 0
Sep 19 19:23:52.556891 cachyos-x8664 kernel: amdgpu 0000:c4:00.0: [drm:amdgpu_dm_atomic_commit_tail [amdgpu]] [HDCP_DM] connector->index: 1 connect_status: 1 dpms: 0
Sep 19 19:23:52.573994 cachyos-x8664 kernel: amdgpu 0000:c4:00.0: [drm:amdgpu_dm_atomic_commit_tail [amdgpu]] [HDCP_DM] connector->index: 1 connect_status: 1 dpms: 0
Sep 19 19:23:52.590872 cachyos-x8664 kernel: amdgpu 0000:c4:00.0: [drm:amdgpu_dm_atomic_commit_tail [amdgpu]] [HDCP_DM] connector->index: 1 connect_status: 1 dpms: 0
Sep 19 19:23:52.607804 cachyos-x8664 kernel: amdgpu 0000:c4:00.0: [drm:amdgpu_dm_atomic_commit_tail [amdgpu]] [HDCP_DM] connector->index: 1 connect_status: 1 dpms: 0
Sep 19 19:23:52.624085 cachyos-x8664 kernel: amdgpu 0000:c4:00.0: [drm:amdgpu_dm_atomic_commit_tail [amdgpu]] [HDCP_DM] connector->index: 1 connect_status: 1 dpms: 0
Sep 19 19:23:52.640977 cachyos-x8664 kernel: amdgpu 0000:c4:00.0: [drm:amdgpu_dm_atomic_commit_tail [amdgpu]] [HDCP_DM] connector->index: 1 connect_status: 1 dpms: 0
Sep 19 19:23:52.657992 cachyos-x8664 kernel: amdgpu 0000:c4:00.0: [drm:amdgpu_dm_atomic_commit_tail [amdgpu]] [HDCP_DM] connector->index: 1 connect_status: 1 dpms: 0
Sep 19 19:23:52.673955 cachyos-x8664 kernel: amdgpu 0000:c4:00.0: [drm:amdgpu_dm_atomic_commit_tail [amdgpu]] [HDCP_DM] connector->index: 1 connect_status: 1 dpms: 0
Sep 19 19:23:52.690904 cachyos-x8664 kernel: amdgpu 0000:c4:00.0: [drm:amdgpu_dm_atomic_commit_tail [amdgpu]] [HDCP_DM] connector->index: 1 connect_status: 1 dpms: 0
Sep 19 19:23:52.708099 cachyos-x8664 kernel: amdgpu 0000:c4:00.0: [drm:amdgpu_dm_atomic_commit_tail [amdgpu]] [HDCP_DM] connector->index: 1 connect_status: 1 dpms: 0
Sep 19 19:23:52.723907 cachyos-x8664 kernel: amdgpu 0000:c4:00.0: [drm:amdgpu_dm_atomic_commit_tail [amdgpu]] [HDCP_DM] connector->index: 1 connect_status: 1 dpms: 0
Sep 19 19:23:52.741000 cachyos-x8664 kernel: amdgpu 0000:c4:00.0: [drm:amdgpu_dm_atomic_commit_tail [amdgpu]] [HDCP_DM] connector->index: 1 connect_status: 1 dpms: 0
Sep 19 19:23:52.758037 cachyos-x8664 kernel: amdgpu 0000:c4:00.0: [drm:amdgpu_dm_atomic_commit_tail [amdgpu]] [HDCP_DM] connector->index: 1 connect_status: 1 dpms: 0
Sep 19 19:23:52.774080 cachyos-x8664 kernel: amdgpu 0000:c4:00.0: [drm:amdgpu_dm_atomic_commit_tail [amdgpu]] [HDCP_DM] connector->index: 1 connect_status: 1 dpms: 0
Sep 19 19:23:52.790877 cachyos-x8664 kernel: amdgpu 0000:c4:00.0: [drm:amdgpu_dm_atomic_commit_tail [amdgpu]] [HDCP_DM] connector->index: 1 connect_status: 1 dpms: 0
Sep 19 19:23:52.807831 cachyos-x8664 kernel: amdgpu 0000:c4:00.0: [drm:amdgpu_dm_atomic_commit_tail [amdgpu]] [HDCP_DM] connector->index: 1 connect_status: 1 dpms: 0
Sep 19 19:23:52.823891 cachyos-x8664 kernel: amdgpu 0000:c4:00.0: [drm:amdgpu_dm_atomic_commit_tail [amdgpu]] [HDCP_DM] connector->index: 1 connect_status: 1 dpms: 0
Sep 19 19:23:52.840968 cachyos-x8664 kernel: amdgpu 0000:c4:00.0: [drm:amdgpu_dm_atomic_commit_tail [amdgpu]] [HDCP_DM] connector->index: 1 connect_status: 1 dpms: 0
Sep 19 19:23:52.857771 cachyos-x8664 kernel: amdgpu 0000:c4:00.0: [drm:amdgpu_dm_atomic_commit_tail [amdgpu]] [HDCP_DM] connector->index: 1 connect_status: 1 dpms: 0
Sep 19 19:23:52.873906 cachyos-x8664 kernel: amdgpu 0000:c4:00.0: [drm:amdgpu_dm_atomic_commit_tail [amdgpu]] [HDCP_DM] connector->index: 1 connect_status: 1 dpms: 0
Sep 19 19:23:52.890912 cachyos-x8664 kernel: amdgpu 0000:c4:00.0: [drm:amdgpu_dm_atomic_commit_tail [amdgpu]] [HDCP_DM] connector->index: 1 connect_status: 1 dpms: 0
Sep 19 19:23:52.908022 cachyos-x8664 kernel: amdgpu 0000:c4:00.0: [drm:amdgpu_dm_atomic_commit_tail [amdgpu]] [HDCP_DM] connector->index: 1 connect_status: 1 dpms: 0
Sep 19 19:23:52.923966 cachyos-x8664 kernel: amdgpu 0000:c4:00.0: [drm:amdgpu_dm_atomic_commit_tail [amdgpu]] [HDCP_DM] connector->index: 1 connect_status: 1 dpms: 0
Sep 19 19:23:52.940890 cachyos-x8664 kernel: amdgpu 0000:c4:00.0: [drm:amdgpu_dm_atomic_commit_tail [amdgpu]] [HDCP_DM] connector->index: 1 connect_status: 1 dpms: 0
Sep 19 19:23:52.957765 cachyos-x8664 kernel: amdgpu 0000:c4:00.0: [drm:amdgpu_dm_atomic_commit_tail [amdgpu]] [HDCP_DM] connector->index: 1 connect_status: 1 dpms: 0
Sep 19 19:23:52.973990 cachyos-x8664 kernel: amdgpu 0000:c4:00.0: [drm:amdgpu_dm_atomic_commit_tail [amdgpu]] [HDCP_DM] connector->index: 1 connect_status: 1 dpms: 0
Sep 19 19:23:52.990933 cachyos-x8664 kernel: amdgpu 0000:c4:00.0: [drm:amdgpu_dm_atomic_commit_tail [amdgpu]] [HDCP_DM] connector->index: 1 connect_status: 1 dpms: 0
Sep 19 19:23:53.007990 cachyos-x8664 kernel: amdgpu 0000:c4:00.0: [drm:amdgpu_dm_atomic_commit_tail [amdgpu]] [HDCP_DM] connector->index: 1 connect_status: 1 dpms: 0
Sep 19 19:23:53.023985 cachyos-x8664 kernel: amdgpu 0000:c4:00.0: [drm:amdgpu_dm_atomic_commit_tail [amdgpu]] [HDCP_DM] connector->index: 1 connect_status: 1 dpms: 0
Sep 19 19:23:53.040932 cachyos-x8664 kernel: amdgpu 0000:c4:00.0: [drm:amdgpu_dm_atomic_commit_tail [amdgpu]] [HDCP_DM] connector->index: 1 connect_status: 1 dpms: 0
Sep 19 19:23:53.057771 cachyos-x8664 kernel: amdgpu 0000:c4:00.0: [drm:amdgpu_dm_atomic_commit_tail [amdgpu]] [HDCP_DM] connector->index: 1 connect_status: 1 dpms: 0
Sep 19 19:23:53.073934 cachyos-x8664 kernel: amdgpu 0000:c4:00.0: [drm:amdgpu_dm_atomic_commit_tail [amdgpu]] [HDCP_DM] connector->index: 1 connect_status: 1 dpms: 0
Sep 19 19:23:53.090922 cachyos-x8664 kernel: amdgpu 0000:c4:00.0: [drm:amdgpu_dm_atomic_commit_tail [amdgpu]] [HDCP_DM] connector->index: 1 connect_status: 1 dpms: 0
Sep 19 19:23:53.107047 cachyos-x8664 kernel: amdgpu 0000:c4:00.0: [drm:amdgpu_dm_atomic_commit_tail [amdgpu]] [HDCP_DM] connector->index: 1 connect_status: 1 dpms: 0
Sep 19 19:23:53.123896 cachyos-x8664 kernel: amdgpu 0000:c4:00.0: [drm:amdgpu_dm_atomic_commit_tail [amdgpu]] [HDCP_DM] connector->index: 1 connect_status: 1 dpms: 0
Sep 19 19:23:53.140928 cachyos-x8664 kernel: amdgpu 0000:c4:00.0: [drm:amdgpu_dm_atomic_commit_tail [amdgpu]] [HDCP_DM] connector->index: 1 connect_status: 1 dpms: 0
Sep 19 19:23:53.157768 cachyos-x8664 kernel: amdgpu 0000:c4:00.0: [drm:amdgpu_dm_atomic_commit_tail [amdgpu]] [HDCP_DM] connector->index: 1 connect_status: 1 dpms: 0
Sep 19 19:23:53.173945 cachyos-x8664 kernel: amdgpu 0000:c4:00.0: [drm:amdgpu_dm_atomic_commit_tail [amdgpu]] [HDCP_DM] connector->index: 1 connect_status: 1 dpms: 0
Sep 19 19:23:53.190795 cachyos-x8664 kernel: amdgpu 0000:c4:00.0: [drm:amdgpu_dm_atomic_commit_tail [amdgpu]] [HDCP_DM] connector->index: 1 connect_status: 1 dpms: 0
Sep 19 19:23:53.207771 cachyos-x8664 kernel: amdgpu 0000:c4:00.0: [drm:amdgpu_dm_atomic_commit_tail [amdgpu]] [HDCP_DM] connector->index: 1 connect_status: 1 dpms: 0
Sep 19 19:23:53.223940 cachyos-x8664 kernel: amdgpu 0000:c4:00.0: [drm:amdgpu_dm_atomic_commit_tail [amdgpu]] [HDCP_DM] connector->index: 1 connect_status: 1 dpms: 0
Sep 19 19:23:53.240942 cachyos-x8664 kernel: amdgpu 0000:c4:00.0: [drm:amdgpu_dm_atomic_commit_tail [amdgpu]] [HDCP_DM] connector->index: 1 connect_status: 1 dpms: 0
Sep 19 19:23:53.257794 cachyos-x8664 kernel: amdgpu 0000:c4:00.0: [drm:amdgpu_dm_atomic_commit_tail [amdgpu]] [HDCP_DM] connector->index: 1 connect_status: 1 dpms: 0
Sep 19 19:23:53.273959 cachyos-x8664 kernel: amdgpu 0000:c4:00.0: [drm:amdgpu_dm_atomic_commit_tail [amdgpu]] [HDCP_DM] connector->index: 1 connect_status: 1 dpms: 0
Sep 19 19:23:53.290918 cachyos-x8664 kernel: amdgpu 0000:c4:00.0: [drm:amdgpu_dm_atomic_commit_tail [amdgpu]] [HDCP_DM] connector->index: 1 connect_status: 1 dpms: 0
Sep 19 19:23:53.307850 cachyos-x8664 kernel: amdgpu 0000:c4:00.0: [drm:amdgpu_dm_atomic_commit_tail [amdgpu]] [HDCP_DM] connector->index: 1 connect_status: 1 dpms: 0
Sep 19 19:23:53.324035 cachyos-x8664 kernel: amdgpu 0000:c4:00.0: [drm:amdgpu_dm_atomic_commit_tail [amdgpu]] [HDCP_DM] connector->index: 1 connect_status: 1 dpms: 0
Sep 19 19:23:53.341030 cachyos-x8664 kernel: amdgpu 0000:c4:00.0: [drm:amdgpu_dm_atomic_commit_tail [amdgpu]] [HDCP_DM] connector->index: 1 connect_status: 1 dpms: 0
Sep 19 19:23:53.357856 cachyos-x8664 kernel: amdgpu 0000:c4:00.0: [drm:amdgpu_dm_atomic_commit_tail [amdgpu]] [HDCP_DM] connector->index: 1 connect_status: 1 dpms: 0
Sep 19 19:23:53.373847 cachyos-x8664 kernel: amdgpu 0000:c4:00.0: [drm:amdgpu_dm_atomic_commit_tail [amdgpu]] [HDCP_DM] connector->index: 1 connect_status: 1 dpms: 0
Sep 19 19:23:53.390873 cachyos-x8664 kernel: amdgpu 0000:c4:00.0: [drm:amdgpu_dm_atomic_commit_tail [amdgpu]] [HDCP_DM] connector->index: 1 connect_status: 1 dpms: 0
Sep 19 19:23:53.406895 cachyos-x8664 kernel: amdgpu 0000:c4:00.0: [drm:amdgpu_dm_atomic_commit_tail [amdgpu]] [HDCP_DM] connector->index: 1 connect_status: 1 dpms: 0
Sep 19 19:23:53.423860 cachyos-x8664 kernel: amdgpu 0000:c4:00.0: [drm:amdgpu_dm_atomic_commit_tail [amdgpu]] [HDCP_DM] connector->index: 1 connect_status: 1 dpms: 0
Sep 19 19:23:53.440844 cachyos-x8664 kernel: amdgpu 0000:c4:00.0: [drm:amdgpu_dm_atomic_commit_tail [amdgpu]] [HDCP_DM] connector->index: 1 connect_status: 1 dpms: 0
Sep 19 19:23:53.457791 cachyos-x8664 kernel: amdgpu 0000:c4:00.0: [drm:amdgpu_dm_atomic_commit_tail [amdgpu]] [HDCP_DM] connector->index: 1 connect_status: 1 dpms: 0
Sep 19 19:23:53.473969 cachyos-x8664 kernel: amdgpu 0000:c4:00.0: [drm:amdgpu_dm_atomic_commit_tail [amdgpu]] [HDCP_DM] connector->index: 1 connect_status: 1 dpms: 0
Sep 19 19:23:53.490908 cachyos-x8664 kernel: amdgpu 0000:c4:00.0: [drm:amdgpu_dm_atomic_commit_tail [amdgpu]] [HDCP_DM] connector->index: 1 connect_status: 1 dpms: 0
Sep 19 19:23:53.507982 cachyos-x8664 kernel: amdgpu 0000:c4:00.0: [drm:amdgpu_dm_atomic_commit_tail [amdgpu]] [HDCP_DM] connector->index: 1 connect_status: 1 dpms: 0
Sep 19 19:23:53.523936 cachyos-x8664 kernel: amdgpu 0000:c4:00.0: [drm:amdgpu_dm_atomic_commit_tail [amdgpu]] [HDCP_DM] connector->index: 1 connect_status: 1 dpms: 0
Sep 19 19:23:53.540876 cachyos-x8664 kernel: amdgpu 0000:c4:00.0: [drm:amdgpu_dm_atomic_commit_tail [amdgpu]] [HDCP_DM] connector->index: 1 connect_status: 1 dpms: 0
Sep 19 19:23:53.557782 cachyos-x8664 kernel: amdgpu 0000:c4:00.0: [drm:amdgpu_dm_atomic_commit_tail [amdgpu]] [HDCP_DM] connector->index: 1 connect_status: 1 dpms: 0
Sep 19 19:23:53.574124 cachyos-x8664 kernel: amdgpu 0000:c4:00.0: [drm:amdgpu_dm_atomic_commit_tail [amdgpu]] [HDCP_DM] connector->index: 1 connect_status: 1 dpms: 0
Sep 19 19:23:53.590943 cachyos-x8664 kernel: amdgpu 0000:c4:00.0: [drm:amdgpu_dm_atomic_commit_tail [amdgpu]] [HDCP_DM] connector->index: 1 connect_status: 1 dpms: 0
Sep 19 19:23:53.606988 cachyos-x8664 kernel: amdgpu 0000:c4:00.0: [drm:amdgpu_dm_atomic_commit_tail [amdgpu]] [HDCP_DM] connector->index: 1 connect_status: 1 dpms: 0
Sep 19 19:23:53.624117 cachyos-x8664 kernel: amdgpu 0000:c4:00.0: [drm:amdgpu_dm_atomic_commit_tail [amdgpu]] [HDCP_DM] connector->index: 1 connect_status: 1 dpms: 0
Sep 19 19:23:53.641117 cachyos-x8664 kernel: amdgpu 0000:c4:00.0: [drm:amdgpu_dm_atomic_commit_tail [amdgpu]] [HDCP_DM] connector->index: 1 connect_status: 1 dpms: 0
Sep 19 19:23:53.657831 cachyos-x8664 kernel: amdgpu 0000:c4:00.0: [drm:amdgpu_dm_atomic_commit_tail [amdgpu]] [HDCP_DM] connector->index: 1 connect_status: 1 dpms: 0
Sep 19 19:23:53.673949 cachyos-x8664 kernel: amdgpu 0000:c4:00.0: [drm:amdgpu_dm_atomic_commit_tail [amdgpu]] [HDCP_DM] connector->index: 1 connect_status: 1 dpms: 0
Sep 19 19:23:53.690924 cachyos-x8664 kernel: amdgpu 0000:c4:00.0: [drm:amdgpu_dm_atomic_commit_tail [amdgpu]] [HDCP_DM] connector->index: 1 connect_status: 1 dpms: 0
Sep 19 19:23:53.707744 cachyos-x8664 kernel: amdgpu 0000:c4:00.0: [drm:amdgpu_dm_atomic_commit_tail [amdgpu]] [HDCP_DM] connector->index: 1 connect_status: 1 dpms: 0
Sep 19 19:23:53.723924 cachyos-x8664 kernel: amdgpu 0000:c4:00.0: [drm:amdgpu_dm_atomic_commit_tail [amdgpu]] [HDCP_DM] connector->index: 1 connect_status: 1 dpms: 0
Sep 19 19:23:53.740901 cachyos-x8664 kernel: amdgpu 0000:c4:00.0: [drm:amdgpu_dm_atomic_commit_tail [amdgpu]] [HDCP_DM] connector->index: 1 connect_status: 1 dpms: 0
Sep 19 19:23:53.757761 cachyos-x8664 kernel: amdgpu 0000:c4:00.0: [drm:amdgpu_dm_atomic_commit_tail [amdgpu]] [HDCP_DM] connector->index: 1 connect_status: 1 dpms: 0
Sep 19 19:23:53.774069 cachyos-x8664 kernel: amdgpu 0000:c4:00.0: [drm:amdgpu_dm_atomic_commit_tail [amdgpu]] [HDCP_DM] connector->index: 1 connect_status: 1 dpms: 0
Sep 19 19:23:53.791136 cachyos-x8664 kernel: amdgpu 0000:c4:00.0: [drm:amdgpu_dm_atomic_commit_tail [amdgpu]] [HDCP_DM] connector->index: 1 connect_status: 1 dpms: 0
Sep 19 19:23:53.807753 cachyos-x8664 kernel: amdgpu 0000:c4:00.0: [drm:amdgpu_dm_atomic_commit_tail [amdgpu]] [HDCP_DM] connector->index: 1 connect_status: 1 dpms: 0
Sep 19 19:23:53.824080 cachyos-x8664 kernel: amdgpu 0000:c4:00.0: [drm:amdgpu_dm_atomic_commit_tail [amdgpu]] [HDCP_DM] connector->index: 1 connect_status: 1 dpms: 0
Sep 19 19:23:53.841091 cachyos-x8664 kernel: amdgpu 0000:c4:00.0: [drm:amdgpu_dm_atomic_commit_tail [amdgpu]] [HDCP_DM] connector->index: 1 connect_status: 1 dpms: 0
Sep 19 19:23:53.857940 cachyos-x8664 kernel: amdgpu 0000:c4:00.0: [drm:amdgpu_dm_atomic_commit_tail [amdgpu]] [HDCP_DM] connector->index: 1 connect_status: 1 dpms: 0
Sep 19 19:23:53.873889 cachyos-x8664 kernel: amdgpu 0000:c4:00.0: [drm:amdgpu_dm_atomic_commit_tail [amdgpu]] [HDCP_DM] connector->index: 1 connect_status: 1 dpms: 0
Sep 19 19:23:53.890938 cachyos-x8664 kernel: amdgpu 0000:c4:00.0: [drm:amdgpu_dm_atomic_commit_tail [amdgpu]] [HDCP_DM] connector->index: 1 connect_status: 1 dpms: 0
Sep 19 19:23:53.907973 cachyos-x8664 kernel: amdgpu 0000:c4:00.0: [drm:amdgpu_dm_atomic_commit_tail [amdgpu]] [HDCP_DM] connector->index: 1 connect_status: 1 dpms: 0
Sep 19 19:23:53.923933 cachyos-x8664 kernel: amdgpu 0000:c4:00.0: [drm:amdgpu_dm_atomic_commit_tail [amdgpu]] [HDCP_DM] connector->index: 1 connect_status: 1 dpms: 0
Sep 19 19:23:53.940789 cachyos-x8664 kernel: amdgpu 0000:c4:00.0: [drm:amdgpu_dm_atomic_commit_tail [amdgpu]] [HDCP_DM] connector->index: 1 connect_status: 1 dpms: 0
Sep 19 19:23:53.957974 cachyos-x8664 kernel: amdgpu 0000:c4:00.0: [drm:amdgpu_dm_atomic_commit_tail [amdgpu]] [HDCP_DM] connector->index: 1 connect_status: 1 dpms: 0
Sep 19 19:23:53.973973 cachyos-x8664 kernel: amdgpu 0000:c4:00.0: [drm:amdgpu_dm_atomic_commit_tail [amdgpu]] [HDCP_DM] connector->index: 1 connect_status: 1 dpms: 0
Sep 19 19:23:53.990987 cachyos-x8664 kernel: amdgpu 0000:c4:00.0: [drm:amdgpu_dm_atomic_commit_tail [amdgpu]] [HDCP_DM] connector->index: 1 connect_status: 1 dpms: 0
Sep 19 19:23:54.007947 cachyos-x8664 kernel: amdgpu 0000:c4:00.0: [drm:amdgpu_dm_atomic_commit_tail [amdgpu]] [HDCP_DM] connector->index: 1 connect_status: 1 dpms: 0
Sep 19 19:23:54.023962 cachyos-x8664 kernel: amdgpu 0000:c4:00.0: [drm:amdgpu_dm_atomic_commit_tail [amdgpu]] [HDCP_DM] connector->index: 1 connect_status: 1 dpms: 0
Sep 19 19:23:54.040953 cachyos-x8664 kernel: amdgpu 0000:c4:00.0: [drm:amdgpu_dm_atomic_commit_tail [amdgpu]] [HDCP_DM] connector->index: 1 connect_status: 1 dpms: 0
Sep 19 19:23:54.056844 cachyos-x8664 kernel: amdgpu 0000:c4:00.0: [drm:amdgpu_dm_atomic_commit_tail [amdgpu]] [HDCP_DM] connector->index: 1 connect_status: 1 dpms: 0
Sep 19 19:23:54.073808 cachyos-x8664 kernel: amdgpu 0000:c4:00.0: [drm:amdgpu_dm_atomic_commit_tail [amdgpu]] [HDCP_DM] connector->index: 1 connect_status: 1 dpms: 0
Sep 19 19:23:54.090897 cachyos-x8664 kernel: amdgpu 0000:c4:00.0: [drm:amdgpu_dm_atomic_commit_tail [amdgpu]] [HDCP_DM] connector->index: 1 connect_status: 1 dpms: 0
Sep 19 19:23:54.106973 cachyos-x8664 kernel: amdgpu 0000:c4:00.0: [drm:amdgpu_dm_atomic_commit_tail [amdgpu]] [HDCP_DM] connector->index: 1 connect_status: 1 dpms: 0
Sep 19 19:23:54.123919 cachyos-x8664 kernel: amdgpu 0000:c4:00.0: [drm:amdgpu_dm_atomic_commit_tail [amdgpu]] [HDCP_DM] connector->index: 1 connect_status: 1 dpms: 0
Sep 19 19:23:54.140885 cachyos-x8664 kernel: amdgpu 0000:c4:00.0: [drm:amdgpu_dm_atomic_commit_tail [amdgpu]] [HDCP_DM] connector->index: 1 connect_status: 1 dpms: 0
Sep 19 19:23:54.157884 cachyos-x8664 kernel: amdgpu 0000:c4:00.0: [drm:amdgpu_dm_atomic_commit_tail [amdgpu]] [HDCP_DM] connector->index: 1 connect_status: 1 dpms: 0
Sep 19 19:23:54.173920 cachyos-x8664 kernel: amdgpu 0000:c4:00.0: [drm:amdgpu_dm_atomic_commit_tail [amdgpu]] [HDCP_DM] connector->index: 1 connect_status: 1 dpms: 0
Sep 19 19:23:54.190945 cachyos-x8664 kernel: amdgpu 0000:c4:00.0: [drm:amdgpu_dm_atomic_commit_tail [amdgpu]] [HDCP_DM] connector->index: 1 connect_status: 1 dpms: 0
Sep 19 19:23:54.207729 cachyos-x8664 kernel: amdgpu 0000:c4:00.0: [drm:amdgpu_dm_atomic_commit_tail [amdgpu]] [HDCP_DM] connector->index: 1 connect_status: 1 dpms: 0
Sep 19 19:23:54.224004 cachyos-x8664 kernel: amdgpu 0000:c4:00.0: [drm:amdgpu_dm_atomic_commit_tail [amdgpu]] [HDCP_DM] connector->index: 1 connect_status: 1 dpms: 0
Sep 19 19:23:54.241138 cachyos-x8664 kernel: amdgpu 0000:c4:00.0: [drm:amdgpu_dm_atomic_commit_tail [amdgpu]] [HDCP_DM] connector->index: 1 connect_status: 1 dpms: 0
Sep 19 19:23:54.257810 cachyos-x8664 kernel: amdgpu 0000:c4:00.0: [drm:amdgpu_dm_atomic_commit_tail [amdgpu]] [HDCP_DM] connector->index: 1 connect_status: 1 dpms: 0
Sep 19 19:23:54.273942 cachyos-x8664 kernel: amdgpu 0000:c4:00.0: [drm:amdgpu_dm_atomic_commit_tail [amdgpu]] [HDCP_DM] connector->index: 1 connect_status: 1 dpms: 0
Sep 19 19:23:54.290944 cachyos-x8664 kernel: amdgpu 0000:c4:00.0: [drm:amdgpu_dm_atomic_commit_tail [amdgpu]] [HDCP_DM] connector->index: 1 connect_status: 1 dpms: 0
Sep 19 19:23:54.307791 cachyos-x8664 kernel: amdgpu 0000:c4:00.0: [drm:amdgpu_dm_atomic_commit_tail [amdgpu]] [HDCP_DM] connector->index: 1 connect_status: 1 dpms: 0
Sep 19 19:23:54.323975 cachyos-x8664 kernel: amdgpu 0000:c4:00.0: [drm:amdgpu_dm_atomic_commit_tail [amdgpu]] [HDCP_DM] connector->index: 1 connect_status: 1 dpms: 0
Sep 19 19:23:54.340945 cachyos-x8664 kernel: amdgpu 0000:c4:00.0: [drm:amdgpu_dm_atomic_commit_tail [amdgpu]] [HDCP_DM] connector->index: 1 connect_status: 1 dpms: 0
Sep 19 19:23:54.357728 cachyos-x8664 kernel: amdgpu 0000:c4:00.0: [drm:amdgpu_dm_atomic_commit_tail [amdgpu]] [HDCP_DM] connector->index: 1 connect_status: 1 dpms: 0
Sep 19 19:23:54.373967 cachyos-x8664 kernel: amdgpu 0000:c4:00.0: [drm:amdgpu_dm_atomic_commit_tail [amdgpu]] [HDCP_DM] connector->index: 1 connect_status: 1 dpms: 0
Sep 19 19:23:54.390928 cachyos-x8664 kernel: amdgpu 0000:c4:00.0: [drm:amdgpu_dm_atomic_commit_tail [amdgpu]] [HDCP_DM] connector->index: 1 connect_status: 1 dpms: 0
Sep 19 19:23:54.407866 cachyos-x8664 kernel: amdgpu 0000:c4:00.0: [drm:amdgpu_dm_atomic_commit_tail [amdgpu]] [HDCP_DM] connector->index: 1 connect_status: 1 dpms: 0
Sep 19 19:23:54.424054 cachyos-x8664 kernel: amdgpu 0000:c4:00.0: [drm:amdgpu_dm_atomic_commit_tail [amdgpu]] [HDCP_DM] connector->index: 1 connect_status: 1 dpms: 0
Sep 19 19:23:54.441127 cachyos-x8664 kernel: amdgpu 0000:c4:00.0: [drm:amdgpu_dm_atomic_commit_tail [amdgpu]] [HDCP_DM] connector->index: 1 connect_status: 1 dpms: 0
Sep 19 19:23:54.457944 cachyos-x8664 kernel: amdgpu 0000:c4:00.0: [drm:amdgpu_dm_atomic_commit_tail [amdgpu]] [HDCP_DM] connector->index: 1 connect_status: 1 dpms: 0
Sep 19 19:23:54.474159 cachyos-x8664 kernel: amdgpu 0000:c4:00.0: [drm:amdgpu_dm_atomic_commit_tail [amdgpu]] [HDCP_DM] connector->index: 1 connect_status: 1 dpms: 0
Sep 19 19:23:54.490855 cachyos-x8664 kernel: amdgpu 0000:c4:00.0: [drm:amdgpu_dm_atomic_commit_tail [amdgpu]] [HDCP_DM] connector->index: 1 connect_status: 1 dpms: 0
Sep 19 19:23:54.507834 cachyos-x8664 kernel: amdgpu 0000:c4:00.0: [drm:amdgpu_dm_atomic_commit_tail [amdgpu]] [HDCP_DM] connector->index: 1 connect_status: 1 dpms: 0
Sep 19 19:23:54.524171 cachyos-x8664 kernel: amdgpu 0000:c4:00.0: [drm:amdgpu_dm_atomic_commit_tail [amdgpu]] [HDCP_DM] connector->index: 1 connect_status: 1 dpms: 0
Sep 19 19:23:54.541154 cachyos-x8664 kernel: amdgpu 0000:c4:00.0: [drm:amdgpu_dm_atomic_commit_tail [amdgpu]] [HDCP_DM] connector->index: 1 connect_status: 1 dpms: 0
Sep 19 19:23:54.556968 cachyos-x8664 kernel: amdgpu 0000:c4:00.0: [drm:amdgpu_dm_atomic_commit_tail [amdgpu]] [HDCP_DM] connector->index: 1 connect_status: 1 dpms: 0
Sep 19 19:23:54.573806 cachyos-x8664 kernel: amdgpu 0000:c4:00.0: [drm:amdgpu_dm_atomic_commit_tail [amdgpu]] [HDCP_DM] connector->index: 1 connect_status: 1 dpms: 0
Sep 19 19:23:54.590932 cachyos-x8664 kernel: amdgpu 0000:c4:00.0: [drm:amdgpu_dm_atomic_commit_tail [amdgpu]] [HDCP_DM] connector->index: 1 connect_status: 1 dpms: 0
Sep 19 19:23:54.606762 cachyos-x8664 kernel: amdgpu 0000:c4:00.0: [drm:amdgpu_dm_atomic_commit_tail [amdgpu]] [HDCP_DM] connector->index: 1 connect_status: 1 dpms: 0
Sep 19 19:23:54.623895 cachyos-x8664 kernel: amdgpu 0000:c4:00.0: [drm:amdgpu_dm_atomic_commit_tail [amdgpu]] [HDCP_DM] connector->index: 1 connect_status: 1 dpms: 0
Sep 19 19:23:54.640865 cachyos-x8664 kernel: amdgpu 0000:c4:00.0: [drm:amdgpu_dm_atomic_commit_tail [amdgpu]] [HDCP_DM] connector->index: 1 connect_status: 1 dpms: 0
Sep 19 19:23:54.656886 cachyos-x8664 kernel: amdgpu 0000:c4:00.0: [drm:amdgpu_dm_atomic_commit_tail [amdgpu]] [HDCP_DM] connector->index: 1 connect_status: 1 dpms: 0
Sep 19 19:23:54.673945 cachyos-x8664 kernel: amdgpu 0000:c4:00.0: [drm:amdgpu_dm_atomic_commit_tail [amdgpu]] [HDCP_DM] connector->index: 1 connect_status: 1 dpms: 0
Sep 19 19:23:54.690897 cachyos-x8664 kernel: amdgpu 0000:c4:00.0: [drm:amdgpu_dm_atomic_commit_tail [amdgpu]] [HDCP_DM] connector->index: 1 connect_status: 1 dpms: 0
Sep 19 19:23:54.706896 cachyos-x8664 kernel: amdgpu 0000:c4:00.0: [drm:amdgpu_dm_atomic_commit_tail [amdgpu]] [HDCP_DM] connector->index: 1 connect_status: 1 dpms: 0
Sep 19 19:23:54.723917 cachyos-x8664 kernel: amdgpu 0000:c4:00.0: [drm:amdgpu_dm_atomic_commit_tail [amdgpu]] [HDCP_DM] connector->index: 1 connect_status: 1 dpms: 0
Sep 19 19:23:54.740916 cachyos-x8664 kernel: amdgpu 0000:c4:00.0: [drm:amdgpu_dm_atomic_commit_tail [amdgpu]] [HDCP_DM] connector->index: 1 connect_status: 1 dpms: 0
Sep 19 19:23:54.757773 cachyos-x8664 kernel: amdgpu 0000:c4:00.0: [drm:amdgpu_dm_atomic_commit_tail [amdgpu]] [HDCP_DM] connector->index: 1 connect_status: 1 dpms: 0
Sep 19 19:23:54.773874 cachyos-x8664 kernel: amdgpu 0000:c4:00.0: [drm:amdgpu_dm_atomic_commit_tail [amdgpu]] [HDCP_DM] connector->index: 1 connect_status: 1 dpms: 0
Sep 19 19:23:54.791084 cachyos-x8664 kernel: amdgpu 0000:c4:00.0: [drm:amdgpu_dm_atomic_commit_tail [amdgpu]] [HDCP_DM] connector->index: 1 connect_status: 1 dpms: 0
Sep 19 19:23:54.806991 cachyos-x8664 kernel: amdgpu 0000:c4:00.0: [drm:amdgpu_dm_atomic_commit_tail [amdgpu]] [HDCP_DM] connector->index: 1 connect_status: 1 dpms: 0
Sep 19 19:23:54.824154 cachyos-x8664 kernel: amdgpu 0000:c4:00.0: [drm:amdgpu_dm_atomic_commit_tail [amdgpu]] [HDCP_DM] connector->index: 1 connect_status: 1 dpms: 0
Sep 19 19:23:54.841099 cachyos-x8664 kernel: amdgpu 0000:c4:00.0: [drm:amdgpu_dm_atomic_commit_tail [amdgpu]] [HDCP_DM] connector->index: 1 connect_status: 1 dpms: 0
Sep 19 19:23:54.858003 cachyos-x8664 kernel: amdgpu 0000:c4:00.0: [drm:amdgpu_dm_atomic_commit_tail [amdgpu]] [HDCP_DM] connector->index: 1 connect_status: 1 dpms: 0
Sep 19 19:23:54.873770 cachyos-x8664 kernel: amdgpu 0000:c4:00.0: [drm:amdgpu_dm_atomic_commit_tail [amdgpu]] [HDCP_DM] connector->index: 1 connect_status: 1 dpms: 0
Sep 19 19:23:54.890951 cachyos-x8664 kernel: amdgpu 0000:c4:00.0: [drm:amdgpu_dm_atomic_commit_tail [amdgpu]] [HDCP_DM] connector->index: 1 connect_status: 1 dpms: 0
Sep 19 19:23:54.906868 cachyos-x8664 kernel: amdgpu 0000:c4:00.0: [drm:amdgpu_dm_atomic_commit_tail [amdgpu]] [HDCP_DM] connector->index: 1 connect_status: 1 dpms: 0
Sep 19 19:23:54.923818 cachyos-x8664 kernel: amdgpu 0000:c4:00.0: [drm:amdgpu_dm_atomic_commit_tail [amdgpu]] [HDCP_DM] connector->index: 1 connect_status: 1 dpms: 0
Sep 19 19:23:54.940925 cachyos-x8664 kernel: amdgpu 0000:c4:00.0: [drm:amdgpu_dm_atomic_commit_tail [amdgpu]] [HDCP_DM] connector->index: 1 connect_status: 1 dpms: 0
Sep 19 19:23:54.956872 cachyos-x8664 kernel: amdgpu 0000:c4:00.0: [drm:amdgpu_dm_atomic_commit_tail [amdgpu]] [HDCP_DM] connector->index: 1 connect_status: 1 dpms: 0
Sep 19 19:23:54.973801 cachyos-x8664 kernel: amdgpu 0000:c4:00.0: [drm:amdgpu_dm_atomic_commit_tail [amdgpu]] [HDCP_DM] connector->index: 1 connect_status: 1 dpms: 0
Sep 19 19:23:54.991071 cachyos-x8664 kernel: amdgpu 0000:c4:00.0: [drm:amdgpu_dm_atomic_commit_tail [amdgpu]] [HDCP_DM] connector->index: 1 connect_status: 1 dpms: 0
Sep 19 19:23:55.007820 cachyos-x8664 kernel: amdgpu 0000:c4:00.0: [drm:amdgpu_dm_atomic_commit_tail [amdgpu]] [HDCP_DM] connector->index: 1 connect_status: 1 dpms: 0
Sep 19 19:23:55.024057 cachyos-x8664 kernel: amdgpu 0000:c4:00.0: [drm:amdgpu_dm_atomic_commit_tail [amdgpu]] [HDCP_DM] connector->index: 1 connect_status: 1 dpms: 0
Sep 19 19:23:55.040869 cachyos-x8664 kernel: amdgpu 0000:c4:00.0: [drm:amdgpu_dm_atomic_commit_tail [amdgpu]] [HDCP_DM] connector->index: 1 connect_status: 1 dpms: 0
Sep 19 19:23:55.056820 cachyos-x8664 kernel: amdgpu 0000:c4:00.0: [drm:amdgpu_dm_atomic_commit_tail [amdgpu]] [HDCP_DM] connector->index: 1 connect_status: 1 dpms: 0
Sep 19 19:23:55.073970 cachyos-x8664 kernel: amdgpu 0000:c4:00.0: [drm:amdgpu_dm_atomic_commit_tail [amdgpu]] [HDCP_DM] connector->index: 1 connect_status: 1 dpms: 0
Sep 19 19:23:55.091005 cachyos-x8664 kernel: amdgpu 0000:c4:00.0: [drm:amdgpu_dm_atomic_commit_tail [amdgpu]] [HDCP_DM] connector->index: 1 connect_status: 1 dpms: 0
Sep 19 19:23:55.107787 cachyos-x8664 kernel: amdgpu 0000:c4:00.0: [drm:amdgpu_dm_atomic_commit_tail [amdgpu]] [HDCP_DM] connector->index: 1 connect_status: 1 dpms: 0
Sep 19 19:23:55.124090 cachyos-x8664 kernel: amdgpu 0000:c4:00.0: [drm:amdgpu_dm_atomic_commit_tail [amdgpu]] [HDCP_DM] connector->index: 1 connect_status: 1 dpms: 0
Sep 19 19:23:55.140857 cachyos-x8664 kernel: amdgpu 0000:c4:00.0: [drm:amdgpu_dm_atomic_commit_tail [amdgpu]] [HDCP_DM] connector->index: 1 connect_status: 1 dpms: 0
Sep 19 19:23:55.157786 cachyos-x8664 kernel: amdgpu 0000:c4:00.0: [drm:amdgpu_dm_atomic_commit_tail [amdgpu]] [HDCP_DM] connector->index: 1 connect_status: 1 dpms: 0
Sep 19 19:23:55.173806 cachyos-x8664 kernel: amdgpu 0000:c4:00.0: [drm:amdgpu_dm_atomic_commit_tail [amdgpu]] [HDCP_DM] connector->index: 1 connect_status: 1 dpms: 0
Sep 19 19:23:55.191002 cachyos-x8664 kernel: amdgpu 0000:c4:00.0: [drm:amdgpu_dm_atomic_commit_tail [amdgpu]] [HDCP_DM] connector->index: 1 connect_status: 1 dpms: 0
Sep 19 19:23:55.206763 cachyos-x8664 kernel: amdgpu 0000:c4:00.0: [drm:amdgpu_dm_atomic_commit_tail [amdgpu]] [HDCP_DM] connector->index: 1 connect_status: 1 dpms: 0
Sep 19 19:23:55.224021 cachyos-x8664 kernel: amdgpu 0000:c4:00.0: [drm:amdgpu_dm_atomic_commit_tail [amdgpu]] [HDCP_DM] connector->index: 1 connect_status: 1 dpms: 0
Sep 19 19:23:55.241064 cachyos-x8664 kernel: amdgpu 0000:c4:00.0: [drm:amdgpu_dm_atomic_commit_tail [amdgpu]] [HDCP_DM] connector->index: 1 connect_status: 1 dpms: 0
Sep 19 19:23:55.258031 cachyos-x8664 kernel: amdgpu 0000:c4:00.0: [drm:amdgpu_dm_atomic_commit_tail [amdgpu]] [HDCP_DM] connector->index: 1 connect_status: 1 dpms: 0
Sep 19 19:23:55.273927 cachyos-x8664 kernel: amdgpu 0000:c4:00.0: [drm:amdgpu_dm_atomic_commit_tail [amdgpu]] [HDCP_DM] connector->index: 1 connect_status: 1 dpms: 0
Sep 19 19:23:55.290927 cachyos-x8664 kernel: amdgpu 0000:c4:00.0: [drm:amdgpu_dm_atomic_commit_tail [amdgpu]] [HDCP_DM] connector->index: 1 connect_status: 1 dpms: 0
Sep 19 19:23:55.308013 cachyos-x8664 kernel: amdgpu 0000:c4:00.0: [drm:amdgpu_dm_atomic_commit_tail [amdgpu]] [HDCP_DM] connector->index: 1 connect_status: 1 dpms: 0
Sep 19 19:23:55.323992 cachyos-x8664 kernel: amdgpu 0000:c4:00.0: [drm:amdgpu_dm_atomic_commit_tail [amdgpu]] [HDCP_DM] connector->index: 1 connect_status: 1 dpms: 0
Sep 19 19:23:55.340936 cachyos-x8664 kernel: amdgpu 0000:c4:00.0: [drm:amdgpu_dm_atomic_commit_tail [amdgpu]] [HDCP_DM] connector->index: 1 connect_status: 1 dpms: 0
Sep 19 19:23:55.357745 cachyos-x8664 kernel: amdgpu 0000:c4:00.0: [drm:amdgpu_dm_atomic_commit_tail [amdgpu]] [HDCP_DM] connector->index: 1 connect_status: 1 dpms: 0
Sep 19 19:23:55.374077 cachyos-x8664 kernel: amdgpu 0000:c4:00.0: [drm:amdgpu_dm_atomic_commit_tail [amdgpu]] [HDCP_DM] connector->index: 1 connect_status: 1 dpms: 0
Sep 19 19:23:55.390999 cachyos-x8664 kernel: amdgpu 0000:c4:00.0: [drm:amdgpu_dm_atomic_commit_tail [amdgpu]] [HDCP_DM] connector->index: 1 connect_status: 1 dpms: 0
Sep 19 19:23:55.407977 cachyos-x8664 kernel: amdgpu 0000:c4:00.0: [drm:amdgpu_dm_atomic_commit_tail [amdgpu]] [HDCP_DM] connector->index: 1 connect_status: 1 dpms: 0
Sep 19 19:23:55.424117 cachyos-x8664 kernel: amdgpu 0000:c4:00.0: [drm:amdgpu_dm_atomic_commit_tail [amdgpu]] [HDCP_DM] connector->index: 1 connect_status: 1 dpms: 0
Sep 19 19:23:55.441054 cachyos-x8664 kernel: amdgpu 0000:c4:00.0: [drm:amdgpu_dm_atomic_commit_tail [amdgpu]] [HDCP_DM] connector->index: 1 connect_status: 1 dpms: 0
Sep 19 19:23:55.458088 cachyos-x8664 kernel: amdgpu 0000:c4:00.0: [drm:amdgpu_dm_atomic_commit_tail [amdgpu]] [HDCP_DM] connector->index: 1 connect_status: 1 dpms: 0
Sep 19 19:23:55.474098 cachyos-x8664 kernel: amdgpu 0000:c4:00.0: [drm:amdgpu_dm_atomic_commit_tail [amdgpu]] [HDCP_DM] connector->index: 1 connect_status: 1 dpms: 0
Sep 19 19:23:55.491083 cachyos-x8664 kernel: amdgpu 0000:c4:00.0: [drm:amdgpu_dm_atomic_commit_tail [amdgpu]] [HDCP_DM] connector->index: 1 connect_status: 1 dpms: 0
Sep 19 19:23:55.508172 cachyos-x8664 kernel: amdgpu 0000:c4:00.0: [drm:amdgpu_dm_atomic_commit_tail [amdgpu]] [HDCP_DM] connector->index: 1 connect_status: 1 dpms: 0
Sep 19 19:23:55.524222 cachyos-x8664 kernel: amdgpu 0000:c4:00.0: [drm:amdgpu_dm_atomic_commit_tail [amdgpu]] [HDCP_DM] connector->index: 1 connect_status: 1 dpms: 0
Sep 19 19:23:55.541093 cachyos-x8664 kernel: amdgpu 0000:c4:00.0: [drm:amdgpu_dm_atomic_commit_tail [amdgpu]] [HDCP_DM] connector->index: 1 connect_status: 1 dpms: 0
Sep 19 19:23:55.557018 cachyos-x8664 kernel: amdgpu 0000:c4:00.0: [drm:amdgpu_dm_atomic_commit_tail [amdgpu]] [HDCP_DM] connector->index: 1 connect_status: 1 dpms: 0
Sep 19 19:23:55.574245 cachyos-x8664 kernel: amdgpu 0000:c4:00.0: [drm:amdgpu_dm_atomic_commit_tail [amdgpu]] [HDCP_DM] connector->index: 1 connect_status: 1 dpms: 0
Sep 19 19:23:55.591005 cachyos-x8664 kernel: amdgpu 0000:c4:00.0: [drm:amdgpu_dm_atomic_commit_tail [amdgpu]] [HDCP_DM] connector->index: 1 connect_status: 1 dpms: 0
Sep 19 19:23:55.607732 cachyos-x8664 kernel: amdgpu 0000:c4:00.0: [drm:amdgpu_dm_atomic_commit_tail [amdgpu]] [HDCP_DM] connector->index: 1 connect_status: 1 dpms: 0
Sep 19 19:23:55.624150 cachyos-x8664 kernel: amdgpu 0000:c4:00.0: [drm:amdgpu_dm_atomic_commit_tail [amdgpu]] [HDCP_DM] connector->index: 1 connect_status: 1 dpms: 0
Sep 19 19:23:55.640985 cachyos-x8664 kernel: amdgpu 0000:c4:00.0: [drm:amdgpu_dm_atomic_commit_tail [amdgpu]] [HDCP_DM] connector->index: 1 connect_status: 1 dpms: 0
Sep 19 19:23:55.657773 cachyos-x8664 kernel: amdgpu 0000:c4:00.0: [drm:amdgpu_dm_atomic_commit_tail [amdgpu]] [HDCP_DM] connector->index: 1 connect_status: 1 dpms: 0
Sep 19 19:23:55.674202 cachyos-x8664 kernel: amdgpu 0000:c4:00.0: [drm:amdgpu_dm_atomic_commit_tail [amdgpu]] [HDCP_DM] connector->index: 1 connect_status: 1 dpms: 0
Sep 19 19:23:55.691033 cachyos-x8664 kernel: amdgpu 0000:c4:00.0: [drm:amdgpu_dm_atomic_commit_tail [amdgpu]] [HDCP_DM] connector->index: 1 connect_status: 1 dpms: 0
Sep 19 19:23:55.707777 cachyos-x8664 kernel: amdgpu 0000:c4:00.0: [drm:amdgpu_dm_atomic_commit_tail [amdgpu]] [HDCP_DM] connector->index: 1 connect_status: 1 dpms: 0
Sep 19 19:23:55.724190 cachyos-x8664 kernel: amdgpu 0000:c4:00.0: [drm:amdgpu_dm_atomic_commit_tail [amdgpu]] [HDCP_DM] connector->index: 1 connect_status: 1 dpms: 0
Sep 19 19:23:55.741013 cachyos-x8664 kernel: amdgpu 0000:c4:00.0: [drm:amdgpu_dm_atomic_commit_tail [amdgpu]] [HDCP_DM] connector->index: 1 connect_status: 1 dpms: 0
Sep 19 19:23:55.757943 cachyos-x8664 kernel: amdgpu 0000:c4:00.0: [drm:amdgpu_dm_atomic_commit_tail [amdgpu]] [HDCP_DM] connector->index: 1 connect_status: 1 dpms: 0
Sep 19 19:23:55.774149 cachyos-x8664 kernel: amdgpu 0000:c4:00.0: [drm:amdgpu_dm_atomic_commit_tail [amdgpu]] [HDCP_DM] connector->index: 1 connect_status: 1 dpms: 0
Sep 19 19:23:55.790986 cachyos-x8664 kernel: amdgpu 0000:c4:00.0: [drm:amdgpu_dm_atomic_commit_tail [amdgpu]] [HDCP_DM] connector->index: 1 connect_status: 1 dpms: 0
Sep 19 19:23:55.807777 cachyos-x8664 kernel: amdgpu 0000:c4:00.0: [drm:amdgpu_dm_atomic_commit_tail [amdgpu]] [HDCP_DM] connector->index: 1 connect_status: 1 dpms: 0
Sep 19 19:23:55.824142 cachyos-x8664 kernel: amdgpu 0000:c4:00.0: [drm:amdgpu_dm_atomic_commit_tail [amdgpu]] [HDCP_DM] connector->index: 1 connect_status: 1 dpms: 0
Sep 19 19:23:55.841010 cachyos-x8664 kernel: amdgpu 0000:c4:00.0: [drm:amdgpu_dm_atomic_commit_tail [amdgpu]] [HDCP_DM] connector->index: 1 connect_status: 1 dpms: 0
Sep 19 19:23:55.857788 cachyos-x8664 kernel: amdgpu 0000:c4:00.0: [drm:amdgpu_dm_atomic_commit_tail [amdgpu]] [HDCP_DM] connector->index: 1 connect_status: 1 dpms: 0
Sep 19 19:23:55.873972 cachyos-x8664 kernel: amdgpu 0000:c4:00.0: [drm:amdgpu_dm_atomic_commit_tail [amdgpu]] [HDCP_DM] connector->index: 1 connect_status: 1 dpms: 0
Sep 19 19:23:55.891059 cachyos-x8664 kernel: amdgpu 0000:c4:00.0: [drm:amdgpu_dm_atomic_commit_tail [amdgpu]] [HDCP_DM] connector->index: 1 connect_status: 1 dpms: 0
Sep 19 19:23:55.907771 cachyos-x8664 kernel: amdgpu 0000:c4:00.0: [drm:amdgpu_dm_atomic_commit_tail [amdgpu]] [HDCP_DM] connector->index: 1 connect_status: 1 dpms: 0
Sep 19 19:23:55.924767 cachyos-x8664 kernel: amdgpu 0000:c4:00.0: [drm:amdgpu_dm_atomic_commit_tail [amdgpu]] [HDCP_DM] connector->index: 1 connect_status: 1 dpms: 0
Sep 19 19:23:55.940974 cachyos-x8664 kernel: amdgpu 0000:c4:00.0: [drm:amdgpu_dm_atomic_commit_tail [amdgpu]] [HDCP_DM] connector->index: 1 connect_status: 1 dpms: 0
Sep 19 19:23:55.957789 cachyos-x8664 kernel: amdgpu 0000:c4:00.0: [drm:amdgpu_dm_atomic_commit_tail [amdgpu]] [HDCP_DM] connector->index: 1 connect_status: 1 dpms: 0
Sep 19 19:23:55.974011 cachyos-x8664 kernel: amdgpu 0000:c4:00.0: [drm:amdgpu_dm_atomic_commit_tail [amdgpu]] [HDCP_DM] connector->index: 1 connect_status: 1 dpms: 0
Sep 19 19:23:55.990895 cachyos-x8664 kernel: amdgpu 0000:c4:00.0: [drm:amdgpu_dm_atomic_commit_tail [amdgpu]] [HDCP_DM] connector->index: 1 connect_status: 1 dpms: 0
Sep 19 19:23:56.007767 cachyos-x8664 kernel: amdgpu 0000:c4:00.0: [drm:amdgpu_dm_atomic_commit_tail [amdgpu]] [HDCP_DM] connector->index: 1 connect_status: 1 dpms: 0
Sep 19 19:23:56.023922 cachyos-x8664 kernel: amdgpu 0000:c4:00.0: [drm:amdgpu_dm_atomic_commit_tail [amdgpu]] [HDCP_DM] connector->index: 1 connect_status: 1 dpms: 0
Sep 19 19:23:56.040901 cachyos-x8664 kernel: amdgpu 0000:c4:00.0: [drm:amdgpu_dm_atomic_commit_tail [amdgpu]] [HDCP_DM] connector->index: 1 connect_status: 1 dpms: 0
Sep 19 19:23:56.057799 cachyos-x8664 kernel: amdgpu 0000:c4:00.0: [drm:amdgpu_dm_atomic_commit_tail [amdgpu]] [HDCP_DM] connector->index: 1 connect_status: 1 dpms: 0
Sep 19 19:23:56.073923 cachyos-x8664 kernel: amdgpu 0000:c4:00.0: [drm:amdgpu_dm_atomic_commit_tail [amdgpu]] [HDCP_DM] connector->index: 1 connect_status: 1 dpms: 0
Sep 19 19:23:56.091011 cachyos-x8664 kernel: amdgpu 0000:c4:00.0: [drm:amdgpu_dm_atomic_commit_tail [amdgpu]] [HDCP_DM] connector->index: 1 connect_status: 1 dpms: 0
Sep 19 19:23:56.106919 cachyos-x8664 kernel: amdgpu 0000:c4:00.0: [drm:amdgpu_dm_atomic_commit_tail [amdgpu]] [HDCP_DM] connector->index: 1 connect_status: 1 dpms: 0
Sep 19 19:23:56.124192 cachyos-x8664 kernel: amdgpu 0000:c4:00.0: [drm:amdgpu_dm_atomic_commit_tail [amdgpu]] [HDCP_DM] connector->index: 1 connect_status: 1 dpms: 0
Sep 19 19:23:56.140729 cachyos-x8664 kernel: amdgpu 0000:c4:00.0: [drm:amdgpu_dm_atomic_commit_tail [amdgpu]] [HDCP_DM] connector->index: 1 connect_status: 1 dpms: 0
Sep 19 19:23:56.148837 cachyos-x8664 kernel: amdgpu 0000:c4:00.0: [drm:amdgpu_dm_atomic_commit_tail [amdgpu]] [HDCP_DM] connector->index: 1 connect_status: 1 dpms: 0
Sep 19 19:23:56.165979 cachyos-x8664 kernel: amdgpu 0000:c4:00.0: [drm:amdgpu_dm_atomic_commit_tail [amdgpu]] [HDCP_DM] connector->index: 1 connect_status: 1 dpms: 0
Sep 19 19:23:56.181716 cachyos-x8664 kernel: amdgpu 0000:c4:00.0: [drm:amdgpu_dm_atomic_commit_tail [amdgpu]] [HDCP_DM] connector->index: 1 connect_status: 1 dpms: 0
Sep 19 19:23:56.199015 cachyos-x8664 kernel: amdgpu 0000:c4:00.0: [drm:amdgpu_dm_atomic_commit_tail [amdgpu]] [HDCP_DM] connector->index: 1 connect_status: 1 dpms: 0
Sep 19 19:23:56.215849 cachyos-x8664 kernel: amdgpu 0000:c4:00.0: [drm:amdgpu_dm_atomic_commit_tail [amdgpu]] [HDCP_DM] connector->index: 1 connect_status: 1 dpms: 0
Sep 19 19:23:56.232758 cachyos-x8664 kernel: amdgpu 0000:c4:00.0: [drm:amdgpu_dm_atomic_commit_tail [amdgpu]] [HDCP_DM] connector->index: 1 connect_status: 1 dpms: 0
Sep 19 19:23:56.248882 cachyos-x8664 kernel: amdgpu 0000:c4:00.0: [drm:amdgpu_dm_atomic_commit_tail [amdgpu]] [HDCP_DM] connector->index: 1 connect_status: 1 dpms: 0
Sep 19 19:23:56.265968 cachyos-x8664 kernel: amdgpu 0000:c4:00.0: [drm:amdgpu_dm_atomic_commit_tail [amdgpu]] [HDCP_DM] connector->index: 1 connect_status: 1 dpms: 0
Sep 19 19:23:56.281986 cachyos-x8664 kernel: amdgpu 0000:c4:00.0: [drm:amdgpu_dm_atomic_commit_tail [amdgpu]] [HDCP_DM] connector->index: 1 connect_status: 1 dpms: 0
Sep 19 19:23:56.299103 cachyos-x8664 kernel: amdgpu 0000:c4:00.0: [drm:amdgpu_dm_atomic_commit_tail [amdgpu]] [HDCP_DM] connector->index: 1 connect_status: 1 dpms: 0
Sep 19 19:23:56.315936 cachyos-x8664 kernel: amdgpu 0000:c4:00.0: [drm:amdgpu_dm_atomic_commit_tail [amdgpu]] [HDCP_DM] connector->index: 1 connect_status: 1 dpms: 0
Sep 19 19:23:56.332873 cachyos-x8664 kernel: amdgpu 0000:c4:00.0: [drm:amdgpu_dm_atomic_commit_tail [amdgpu]] [HDCP_DM] connector->index: 1 connect_status: 1 dpms: 0
Sep 19 19:23:56.349163 cachyos-x8664 kernel: amdgpu 0000:c4:00.0: [drm:amdgpu_dm_atomic_commit_tail [amdgpu]] [HDCP_DM] connector->index: 1 connect_status: 1 dpms: 0
Sep 19 19:23:56.366154 cachyos-x8664 kernel: amdgpu 0000:c4:00.0: [drm:amdgpu_dm_atomic_commit_tail [amdgpu]] [HDCP_DM] connector->index: 1 connect_status: 1 dpms: 0
Sep 19 19:23:56.382904 cachyos-x8664 kernel: amdgpu 0000:c4:00.0: [drm:amdgpu_dm_atomic_commit_tail [amdgpu]] [HDCP_DM] connector->index: 1 connect_status: 1 dpms: 0
Sep 19 19:23:56.398953 cachyos-x8664 kernel: amdgpu 0000:c4:00.0: [drm:amdgpu_dm_atomic_commit_tail [amdgpu]] [HDCP_DM] connector->index: 1 connect_status: 1 dpms: 0
Sep 19 19:23:56.416020 cachyos-x8664 kernel: amdgpu 0000:c4:00.0: [drm:amdgpu_dm_atomic_commit_tail [amdgpu]] [HDCP_DM] connector->index: 1 connect_status: 1 dpms: 0
Sep 19 19:23:56.432653 cachyos-x8664 kernel: amdgpu 0000:c4:00.0: [drm:amdgpu_dm_atomic_commit_tail [amdgpu]] [HDCP_DM] connector->index: 1 connect_status: 1 dpms: 0
Sep 19 19:23:56.449129 cachyos-x8664 kernel: amdgpu 0000:c4:00.0: [drm:amdgpu_dm_atomic_commit_tail [amdgpu]] [HDCP_DM] connector->index: 1 connect_status: 1 dpms: 0
Sep 19 19:23:56.465857 cachyos-x8664 kernel: amdgpu 0000:c4:00.0: [drm:amdgpu_dm_atomic_commit_tail [amdgpu]] [HDCP_DM] connector->index: 1 connect_status: 1 dpms: 0
Sep 19 19:23:56.483075 cachyos-x8664 kernel: amdgpu 0000:c4:00.0: [drm:amdgpu_dm_atomic_commit_tail [amdgpu]] [HDCP_DM] connector->index: 1 connect_status: 1 dpms: 0
Sep 19 19:23:56.499129 cachyos-x8664 kernel: amdgpu 0000:c4:00.0: [drm:amdgpu_dm_atomic_commit_tail [amdgpu]] [HDCP_DM] connector->index: 1 connect_status: 1 dpms: 0
Sep 19 19:23:56.515957 cachyos-x8664 kernel: amdgpu 0000:c4:00.0: [drm:amdgpu_dm_atomic_commit_tail [amdgpu]] [HDCP_DM] connector->index: 1 connect_status: 1 dpms: 0
Sep 19 19:23:56.532852 cachyos-x8664 kernel: amdgpu 0000:c4:00.0: [drm:amdgpu_dm_atomic_commit_tail [amdgpu]] [HDCP_DM] connector->index: 1 connect_status: 1 dpms: 0
Sep 19 19:23:56.549045 cachyos-x8664 kernel: amdgpu 0000:c4:00.0: [drm:amdgpu_dm_atomic_commit_tail [amdgpu]] [HDCP_DM] connector->index: 1 connect_status: 1 dpms: 0
Sep 19 19:23:56.565999 cachyos-x8664 kernel: amdgpu 0000:c4:00.0: [drm:amdgpu_dm_atomic_commit_tail [amdgpu]] [HDCP_DM] connector->index: 1 connect_status: 1 dpms: 0
Sep 19 19:23:56.583025 cachyos-x8664 kernel: amdgpu 0000:c4:00.0: [drm:amdgpu_dm_atomic_commit_tail [amdgpu]] [HDCP_DM] connector->index: 1 connect_status: 1 dpms: 0
Sep 19 19:23:56.598936 cachyos-x8664 kernel: amdgpu 0000:c4:00.0: [drm:amdgpu_dm_atomic_commit_tail [amdgpu]] [HDCP_DM] connector->index: 1 connect_status: 1 dpms: 0
Sep 19 19:23:56.616044 cachyos-x8664 kernel: amdgpu 0000:c4:00.0: [drm:amdgpu_dm_atomic_commit_tail [amdgpu]] [HDCP_DM] connector->index: 1 connect_status: 1 dpms: 0
Sep 19 19:23:56.632786 cachyos-x8664 kernel: amdgpu 0000:c4:00.0: [drm:amdgpu_dm_atomic_commit_tail [amdgpu]] [HDCP_DM] connector->index: 1 connect_status: 1 dpms: 0
Sep 19 19:23:56.648802 cachyos-x8664 kernel: amdgpu 0000:c4:00.0: [drm:amdgpu_dm_atomic_commit_tail [amdgpu]] [HDCP_DM] connector->index: 1 connect_status: 1 dpms: 0
Sep 19 19:23:56.666027 cachyos-x8664 kernel: amdgpu 0000:c4:00.0: [drm:amdgpu_dm_atomic_commit_tail [amdgpu]] [HDCP_DM] connector->index: 1 connect_status: 1 dpms: 0
Sep 19 19:23:56.681876 cachyos-x8664 kernel: amdgpu 0000:c4:00.0: [drm:amdgpu_dm_atomic_commit_tail [amdgpu]] [HDCP_DM] connector->index: 1 connect_status: 1 dpms: 0
Sep 19 19:23:56.699073 cachyos-x8664 kernel: amdgpu 0000:c4:00.0: [drm:amdgpu_dm_atomic_commit_tail [amdgpu]] [HDCP_DM] connector->index: 1 connect_status: 1 dpms: 0
Sep 19 19:23:56.715997 cachyos-x8664 kernel: amdgpu 0000:c4:00.0: [drm:amdgpu_dm_atomic_commit_tail [amdgpu]] [HDCP_DM] connector->index: 1 connect_status: 1 dpms: 0
Sep 19 19:23:56.731936 cachyos-x8664 kernel: amdgpu 0000:c4:00.0: [drm:amdgpu_dm_atomic_commit_tail [amdgpu]] [HDCP_DM] connector->index: 1 connect_status: 1 dpms: 0
Sep 19 19:23:56.748943 cachyos-x8664 kernel: amdgpu 0000:c4:00.0: [drm:amdgpu_dm_atomic_commit_tail [amdgpu]] [HDCP_DM] connector->index: 1 connect_status: 1 dpms: 0
Sep 19 19:23:56.765875 cachyos-x8664 kernel: amdgpu 0000:c4:00.0: [drm:amdgpu_dm_atomic_commit_tail [amdgpu]] [HDCP_DM] connector->index: 1 connect_status: 1 dpms: 0
Sep 19 19:23:56.782780 cachyos-x8664 kernel: amdgpu 0000:c4:00.0: [drm:amdgpu_dm_atomic_commit_tail [amdgpu]] [HDCP_DM] connector->index: 1 connect_status: 1 dpms: 0
Sep 19 19:23:56.798979 cachyos-x8664 kernel: amdgpu 0000:c4:00.0: [drm:amdgpu_dm_atomic_commit_tail [amdgpu]] [HDCP_DM] connector->index: 1 connect_status: 1 dpms: 0
Sep 19 19:23:56.815813 cachyos-x8664 kernel: amdgpu 0000:c4:00.0: [drm:amdgpu_dm_atomic_commit_tail [amdgpu]] [HDCP_DM] connector->index: 1 connect_status: 1 dpms: 0
Sep 19 19:23:56.832089 cachyos-x8664 kernel: amdgpu 0000:c4:00.0: [drm:amdgpu_dm_atomic_commit_tail [amdgpu]] [HDCP_DM] connector->index: 1 connect_status: 1 dpms: 0
Sep 19 19:23:56.848860 cachyos-x8664 kernel: amdgpu 0000:c4:00.0: [drm:amdgpu_dm_atomic_commit_tail [amdgpu]] [HDCP_DM] connector->index: 1 connect_status: 1 dpms: 0
Sep 19 19:23:56.865782 cachyos-x8664 kernel: amdgpu 0000:c4:00.0: [drm:amdgpu_dm_atomic_commit_tail [amdgpu]] [HDCP_DM] connector->index: 1 connect_status: 1 dpms: 0
Sep 19 19:23:56.882810 cachyos-x8664 kernel: amdgpu 0000:c4:00.0: [drm:amdgpu_dm_atomic_commit_tail [amdgpu]] [HDCP_DM] connector->index: 1 connect_status: 1 dpms: 0
Sep 19 19:23:56.898935 cachyos-x8664 kernel: amdgpu 0000:c4:00.0: [drm:amdgpu_dm_atomic_commit_tail [amdgpu]] [HDCP_DM] connector->index: 1 connect_status: 1 dpms: 0
Sep 19 19:23:56.915989 cachyos-x8664 kernel: amdgpu 0000:c4:00.0: [drm:amdgpu_dm_atomic_commit_tail [amdgpu]] [HDCP_DM] connector->index: 1 connect_status: 1 dpms: 0
Sep 19 19:23:56.931907 cachyos-x8664 kernel: amdgpu 0000:c4:00.0: [drm:amdgpu_dm_atomic_commit_tail [amdgpu]] [HDCP_DM] connector->index: 1 connect_status: 1 dpms: 0
Sep 19 19:23:56.948979 cachyos-x8664 kernel: amdgpu 0000:c4:00.0: [drm:amdgpu_dm_atomic_commit_tail [amdgpu]] [HDCP_DM] connector->index: 1 connect_status: 1 dpms: 0
Sep 19 19:23:56.965778 cachyos-x8664 kernel: amdgpu 0000:c4:00.0: [drm:amdgpu_dm_atomic_commit_tail [amdgpu]] [HDCP_DM] connector->index: 1 connect_status: 1 dpms: 0
Sep 19 19:23:56.982963 cachyos-x8664 kernel: amdgpu 0000:c4:00.0: [drm:amdgpu_dm_atomic_commit_tail [amdgpu]] [HDCP_DM] connector->index: 1 connect_status: 1 dpms: 0
Sep 19 19:23:56.999182 cachyos-x8664 kernel: amdgpu 0000:c4:00.0: [drm:amdgpu_dm_atomic_commit_tail [amdgpu]] [HDCP_DM] connector->index: 1 connect_status: 1 dpms: 0
Sep 19 19:23:57.016089 cachyos-x8664 kernel: amdgpu 0000:c4:00.0: [drm:amdgpu_dm_atomic_commit_tail [amdgpu]] [HDCP_DM] connector->index: 1 connect_status: 1 dpms: 0
Sep 19 19:23:57.032031 cachyos-x8664 kernel: amdgpu 0000:c4:00.0: [drm:amdgpu_dm_atomic_commit_tail [amdgpu]] [HDCP_DM] connector->index: 1 connect_status: 1 dpms: 0
Sep 19 19:23:57.049189 cachyos-x8664 kernel: amdgpu 0000:c4:00.0: [drm:amdgpu_dm_atomic_commit_tail [amdgpu]] [HDCP_DM] connector->index: 1 connect_status: 1 dpms: 0
Sep 19 19:23:57.066092 cachyos-x8664 kernel: amdgpu 0000:c4:00.0: [drm:amdgpu_dm_atomic_commit_tail [amdgpu]] [HDCP_DM] connector->index: 1 connect_status: 1 dpms: 0
Sep 19 19:23:57.082821 cachyos-x8664 kernel: amdgpu 0000:c4:00.0: [drm:amdgpu_dm_atomic_commit_tail [amdgpu]] [HDCP_DM] connector->index: 1 connect_status: 1 dpms: 0
Sep 19 19:23:57.099087 cachyos-x8664 kernel: amdgpu 0000:c4:00.0: [drm:amdgpu_dm_atomic_commit_tail [amdgpu]] [HDCP_DM] connector->index: 1 connect_status: 1 dpms: 0
Sep 19 19:23:57.116125 cachyos-x8664 kernel: amdgpu 0000:c4:00.0: [drm:amdgpu_dm_atomic_commit_tail [amdgpu]] [HDCP_DM] connector->index: 1 connect_status: 1 dpms: 0
Sep 19 19:23:57.132960 cachyos-x8664 kernel: amdgpu 0000:c4:00.0: [drm:amdgpu_dm_atomic_commit_tail [amdgpu]] [HDCP_DM] connector->index: 1 connect_status: 1 dpms: 0
Sep 19 19:23:57.149110 cachyos-x8664 kernel: amdgpu 0000:c4:00.0: [drm:amdgpu_dm_atomic_commit_tail [amdgpu]] [HDCP_DM] connector->index: 1 connect_status: 1 dpms: 0
Sep 19 19:23:57.166011 cachyos-x8664 kernel: amdgpu 0000:c4:00.0: [drm:amdgpu_dm_atomic_commit_tail [amdgpu]] [HDCP_DM] connector->index: 1 connect_status: 1 dpms: 0
Sep 19 19:23:57.182783 cachyos-x8664 kernel: amdgpu 0000:c4:00.0: [drm:amdgpu_dm_atomic_commit_tail [amdgpu]] [HDCP_DM] connector->index: 1 connect_status: 1 dpms: 0
Sep 19 19:23:57.198877 cachyos-x8664 kernel: amdgpu 0000:c4:00.0: [drm:amdgpu_dm_atomic_commit_tail [amdgpu]] [HDCP_DM] connector->index: 1 connect_status: 1 dpms: 0
Sep 19 19:23:57.216033 cachyos-x8664 kernel: amdgpu 0000:c4:00.0: [drm:amdgpu_dm_atomic_commit_tail [amdgpu]] [HDCP_DM] connector->index: 1 connect_status: 1 dpms: 0
Sep 19 19:23:57.232900 cachyos-x8664 kernel: amdgpu 0000:c4:00.0: [drm:amdgpu_dm_atomic_commit_tail [amdgpu]] [HDCP_DM] connector->index: 1 connect_status: 1 dpms: 0
Sep 19 19:23:57.249107 cachyos-x8664 kernel: amdgpu 0000:c4:00.0: [drm:amdgpu_dm_atomic_commit_tail [amdgpu]] [HDCP_DM] connector->index: 1 connect_status: 1 dpms: 0
Sep 19 19:23:57.265840 cachyos-x8664 kernel: amdgpu 0000:c4:00.0: [drm:amdgpu_dm_atomic_commit_tail [amdgpu]] [HDCP_DM] connector->index: 1 connect_status: 1 dpms: 0
Sep 19 19:23:57.282982 cachyos-x8664 kernel: amdgpu 0000:c4:00.0: [drm:amdgpu_dm_atomic_commit_tail [amdgpu]] [HDCP_DM] connector->index: 1 connect_status: 1 dpms: 0
Sep 19 19:23:57.298885 cachyos-x8664 kernel: amdgpu 0000:c4:00.0: [drm:amdgpu_dm_atomic_commit_tail [amdgpu]] [HDCP_DM] connector->index: 1 connect_status: 1 dpms: 0
Sep 19 19:23:57.315879 cachyos-x8664 kernel: amdgpu 0000:c4:00.0: [drm:amdgpu_dm_atomic_commit_tail [amdgpu]] [HDCP_DM] connector->index: 1 connect_status: 1 dpms: 0
Sep 19 19:23:57.332778 cachyos-x8664 kernel: amdgpu 0000:c4:00.0: [drm:amdgpu_dm_atomic_commit_tail [amdgpu]] [HDCP_DM] connector->index: 1 connect_status: 1 dpms: 0
Sep 19 19:23:57.348895 cachyos-x8664 kernel: amdgpu 0000:c4:00.0: [drm:amdgpu_dm_atomic_commit_tail [amdgpu]] [HDCP_DM] connector->index: 1 connect_status: 1 dpms: 0
Sep 19 19:23:57.365928 cachyos-x8664 kernel: amdgpu 0000:c4:00.0: [drm:amdgpu_dm_atomic_commit_tail [amdgpu]] [HDCP_DM] connector->index: 1 connect_status: 1 dpms: 0
Sep 19 19:23:57.382079 cachyos-x8664 kernel: amdgpu 0000:c4:00.0: [drm:amdgpu_dm_atomic_commit_tail [amdgpu]] [HDCP_DM] connector->index: 1 connect_status: 1 dpms: 0
Sep 19 19:23:57.399215 cachyos-x8664 kernel: amdgpu 0000:c4:00.0: [drm:amdgpu_dm_atomic_commit_tail [amdgpu]] [HDCP_DM] connector->index: 1 connect_status: 1 dpms: 0
Sep 19 19:23:57.415860 cachyos-x8664 kernel: amdgpu 0000:c4:00.0: [drm:amdgpu_dm_atomic_commit_tail [amdgpu]] [HDCP_DM] connector->index: 1 connect_status: 1 dpms: 0
Sep 19 19:23:57.432854 cachyos-x8664 kernel: amdgpu 0000:c4:00.0: [drm:amdgpu_dm_atomic_commit_tail [amdgpu]] [HDCP_DM] connector->index: 1 connect_status: 1 dpms: 0
Sep 19 19:23:57.448946 cachyos-x8664 kernel: amdgpu 0000:c4:00.0: [drm:amdgpu_dm_atomic_commit_tail [amdgpu]] [HDCP_DM] connector->index: 1 connect_status: 1 dpms: 0
Sep 19 19:23:57.466017 cachyos-x8664 kernel: amdgpu 0000:c4:00.0: [drm:amdgpu_dm_atomic_commit_tail [amdgpu]] [HDCP_DM] connector->index: 1 connect_status: 1 dpms: 0
Sep 19 19:23:57.482791 cachyos-x8664 kernel: amdgpu 0000:c4:00.0: [drm:amdgpu_dm_atomic_commit_tail [amdgpu]] [HDCP_DM] connector->index: 1 connect_status: 1 dpms: 0
Sep 19 19:23:57.498985 cachyos-x8664 kernel: amdgpu 0000:c4:00.0: [drm:amdgpu_dm_atomic_commit_tail [amdgpu]] [HDCP_DM] connector->index: 1 connect_status: 1 dpms: 0
Sep 19 19:23:57.515814 cachyos-x8664 kernel: amdgpu 0000:c4:00.0: [drm:amdgpu_dm_atomic_commit_tail [amdgpu]] [HDCP_DM] connector->index: 1 connect_status: 1 dpms: 0
Sep 19 19:23:57.532909 cachyos-x8664 kernel: amdgpu 0000:c4:00.0: [drm:amdgpu_dm_atomic_commit_tail [amdgpu]] [HDCP_DM] connector->index: 1 connect_status: 1 dpms: 0
Sep 19 19:23:57.549047 cachyos-x8664 kernel: amdgpu 0000:c4:00.0: [drm:amdgpu_dm_atomic_commit_tail [amdgpu]] [HDCP_DM] connector->index: 1 connect_status: 1 dpms: 0
Sep 19 19:23:57.566018 cachyos-x8664 kernel: amdgpu 0000:c4:00.0: [drm:amdgpu_dm_atomic_commit_tail [amdgpu]] [HDCP_DM] connector->index: 1 connect_status: 1 dpms: 0
Sep 19 19:23:57.582800 cachyos-x8664 kernel: amdgpu 0000:c4:00.0: [drm:amdgpu_dm_atomic_commit_tail [amdgpu]] [HDCP_DM] connector->index: 1 connect_status: 1 dpms: 0
Sep 19 19:23:57.598807 cachyos-x8664 kernel: amdgpu 0000:c4:00.0: [drm:amdgpu_dm_atomic_commit_tail [amdgpu]] [HDCP_DM] connector->index: 1 connect_status: 1 dpms: 0
Sep 19 19:23:57.615836 cachyos-x8664 kernel: amdgpu 0000:c4:00.0: [drm:amdgpu_dm_atomic_commit_tail [amdgpu]] [HDCP_DM] connector->index: 1 connect_status: 1 dpms: 0
Sep 19 19:23:57.631822 cachyos-x8664 kernel: amdgpu 0000:c4:00.0: [drm:amdgpu_dm_atomic_commit_tail [amdgpu]] [HDCP_DM] connector->index: 1 connect_status: 1 dpms: 0
Sep 19 19:23:57.648845 cachyos-x8664 kernel: amdgpu 0000:c4:00.0: [drm:amdgpu_dm_atomic_commit_tail [amdgpu]] [HDCP_DM] connector->index: 1 connect_status: 1 dpms: 0
Sep 19 19:23:57.665727 cachyos-x8664 kernel: amdgpu 0000:c4:00.0: [drm:amdgpu_dm_atomic_commit_tail [amdgpu]] [HDCP_DM] connector->index: 1 connect_status: 1 dpms: 0
Sep 19 19:23:57.681907 cachyos-x8664 kernel: amdgpu 0000:c4:00.0: [drm:amdgpu_dm_atomic_commit_tail [amdgpu]] [HDCP_DM] connector->index: 1 connect_status: 1 dpms: 0
Sep 19 19:23:57.698899 cachyos-x8664 kernel: amdgpu 0000:c4:00.0: [drm:amdgpu_dm_atomic_commit_tail [amdgpu]] [HDCP_DM] connector->index: 1 connect_status: 1 dpms: 0
Sep 19 19:23:57.715714 cachyos-x8664 kernel: amdgpu 0000:c4:00.0: [drm:amdgpu_dm_atomic_commit_tail [amdgpu]] [HDCP_DM] connector->index: 1 connect_status: 1 dpms: 0
Sep 19 19:23:57.732736 cachyos-x8664 kernel: amdgpu 0000:c4:00.0: [drm:amdgpu_dm_atomic_commit_tail [amdgpu]] [HDCP_DM] connector->index: 1 connect_status: 1 dpms: 0
Sep 19 19:23:57.748911 cachyos-x8664 kernel: amdgpu 0000:c4:00.0: [drm:amdgpu_dm_atomic_commit_tail [amdgpu]] [HDCP_DM] connector->index: 1 connect_status: 1 dpms: 0
Sep 19 19:23:57.766017 cachyos-x8664 kernel: amdgpu 0000:c4:00.0: [drm:amdgpu_dm_atomic_commit_tail [amdgpu]] [HDCP_DM] connector->index: 1 connect_status: 1 dpms: 0
Sep 19 19:23:57.781852 cachyos-x8664 kernel: amdgpu 0000:c4:00.0: [drm:amdgpu_dm_atomic_commit_tail [amdgpu]] [HDCP_DM] connector->index: 1 connect_status: 1 dpms: 0
Sep 19 19:23:57.799634 cachyos-x8664 kernel: amdgpu 0000:c4:00.0: [drm:amdgpu_dm_atomic_commit_tail [amdgpu]] [HDCP_DM] connector->index: 1 connect_status: 1 dpms: 0
Sep 19 19:23:57.815792 cachyos-x8664 kernel: amdgpu 0000:c4:00.0: [drm:amdgpu_dm_atomic_commit_tail [amdgpu]] [HDCP_DM] connector->index: 1 connect_status: 1 dpms: 0
Sep 19 19:23:57.831909 cachyos-x8664 kernel: amdgpu 0000:c4:00.0: [drm:amdgpu_dm_atomic_commit_tail [amdgpu]] [HDCP_DM] connector->index: 1 connect_status: 1 dpms: 0
Sep 19 19:23:57.848870 cachyos-x8664 kernel: amdgpu 0000:c4:00.0: [drm:amdgpu_dm_atomic_commit_tail [amdgpu]] [HDCP_DM] connector->index: 1 connect_status: 1 dpms: 0
Sep 19 19:23:57.865871 cachyos-x8664 kernel: amdgpu 0000:c4:00.0: [drm:amdgpu_dm_atomic_commit_tail [amdgpu]] [HDCP_DM] connector->index: 1 connect_status: 1 dpms: 0
Sep 19 19:23:57.881943 cachyos-x8664 kernel: amdgpu 0000:c4:00.0: [drm:amdgpu_dm_atomic_commit_tail [amdgpu]] [HDCP_DM] connector->index: 1 connect_status: 1 dpms: 0
Sep 19 19:23:57.898829 cachyos-x8664 kernel: amdgpu 0000:c4:00.0: [drm:amdgpu_dm_atomic_commit_tail [amdgpu]] [HDCP_DM] connector->index: 1 connect_status: 1 dpms: 0
Sep 19 19:23:57.915807 cachyos-x8664 kernel: amdgpu 0000:c4:00.0: [drm:amdgpu_dm_atomic_commit_tail [amdgpu]] [HDCP_DM] connector->index: 1 connect_status: 1 dpms: 0
Sep 19 19:23:57.932863 cachyos-x8664 kernel: amdgpu 0000:c4:00.0: [drm:amdgpu_dm_atomic_commit_tail [amdgpu]] [HDCP_DM] connector->index: 1 connect_status: 1 dpms: 0
Sep 19 19:23:57.949105 cachyos-x8664 kernel: amdgpu 0000:c4:00.0: [drm:amdgpu_dm_atomic_commit_tail [amdgpu]] [HDCP_DM] connector->index: 1 connect_status: 1 dpms: 0
Sep 19 19:23:57.965868 cachyos-x8664 kernel: amdgpu 0000:c4:00.0: [drm:amdgpu_dm_atomic_commit_tail [amdgpu]] [HDCP_DM] connector->index: 1 connect_status: 1 dpms: 0
Sep 19 19:23:57.981969 cachyos-x8664 kernel: amdgpu 0000:c4:00.0: [drm:amdgpu_dm_atomic_commit_tail [amdgpu]] [HDCP_DM] connector->index: 1 connect_status: 1 dpms: 0
Sep 19 19:23:57.998880 cachyos-x8664 kernel: amdgpu 0000:c4:00.0: [drm:amdgpu_dm_atomic_commit_tail [amdgpu]] [HDCP_DM] connector->index: 1 connect_status: 1 dpms: 0
Sep 19 19:23:58.015849 cachyos-x8664 kernel: amdgpu 0000:c4:00.0: [drm:amdgpu_dm_atomic_commit_tail [amdgpu]] [HDCP_DM] connector->index: 1 connect_status: 1 dpms: 0
Sep 19 19:23:58.031826 cachyos-x8664 kernel: amdgpu 0000:c4:00.0: [drm:amdgpu_dm_atomic_commit_tail [amdgpu]] [HDCP_DM] connector->index: 1 connect_status: 1 dpms: 0
Sep 19 19:23:58.048783 cachyos-x8664 kernel: amdgpu 0000:c4:00.0: [drm:amdgpu_dm_atomic_commit_tail [amdgpu]] [HDCP_DM] connector->index: 1 connect_status: 1 dpms: 0
Sep 19 19:23:58.065964 cachyos-x8664 kernel: amdgpu 0000:c4:00.0: [drm:amdgpu_dm_atomic_commit_tail [amdgpu]] [HDCP_DM] connector->index: 1 connect_status: 1 dpms: 0
Sep 19 19:23:58.081771 cachyos-x8664 kernel: amdgpu 0000:c4:00.0: [drm:amdgpu_dm_atomic_commit_tail [amdgpu]] [HDCP_DM] connector->index: 1 connect_status: 1 dpms: 0
